Breakdown;ttm;2020-10-31;2019-10-31;2018-10-31;Company_Code;Industry;Country;Company_Name
Total Revenue;47,208,000;47,104,000;45,926,000;42,555,000;RY.TO;Finance;Canada;RBC
Interest Expense;11,232,000;14,048,000;21,584,000;14,830,000;RY.TO;Finance;Canada;RBC
Income Before Tax;14,849,000;14,389,000;15,914,000;15,760,000;RY.TO;Finance;Canada;RBC
Income Tax Expense;3,074,000;2,952,000;3,043,000;3,329,000;RY.TO;Finance;Canada;RBC
Income from Continuing Operations;11,775,000;11,437,000;12,871,000;12,431,000;RY.TO;Finance;Canada;RBC
Net Income;11,773,000;11,432,000;12,860,000;12,400,000;RY.TO;Finance;Canada;RBC
Net Income available to common shareholders;11,512,000;11,164,000;12,591,000;12,115,000;RY.TO;Finance;Canada;RBC
Total Revenue;102,575,000;102,575,000;124,941,000;100,932,000;CS.PA;Finance;France;AXA
Interest Expense;878,000;878,000;720,000;562,000;CS.PA;Finance;France;AXA
Total Other Income/Expenses Net;2,090,000;2,090,000;3,436,000;6,316,000;CS.PA;Finance;France;AXA
Income Before Tax;4,872,000;4,872,000;5,624,000;1,530,000;CS.PA;Finance;France;AXA
Income Tax Expense;1,541,000;1,541,000;1,419,000;1,474,000;CS.PA;Finance;France;AXA
Income from Continuing Operations;3,331,000;3,331,000;4,206,000;55,000;CS.PA;Finance;France;AXA
Net Income;3,164,000;3,164,000;3,857,000;2,140,000;CS.PA;Finance;France;AXA
Net Income available to common shareholders;2,987,000;2,987,000;3,603,000;1,878,000;CS.PA;Finance;France;AXA
Total Revenue;23,889,000;23,889,000;23,055,000;25,095,000;DB;Finance;Germany;Deutsche Bank
Interest Expense;6,405,000;6,405,000;11,399,000;11,600,000;DB;Finance;Germany;Deutsche Bank
Income Before Tax;1,003,000;1,003,000;-2,634,000;1,330,000;DB;Finance;Germany;Deutsche Bank
Income Tax Expense;391,000;391,000;2,630,000;989,000;DB;Finance;Germany;Deutsche Bank
Income from Continuing Operations;612,000;612,000;-5,264,000;341,000;DB;Finance;Germany;Deutsche Bank
Net Income;483,000;483,000;-5,390,000;267,000;DB;Finance;Germany;Deutsche Bank
Net Income available to common shareholders;135,000;135,000;-5,719,000;-25,000;DB;Finance;Germany;Deutsche Bank
Total Revenue;32,686,000;32,686,000;31,592,000;28,675,000;ISP.MI;Finance;Italy;Intesa Sanpaolo
Operating Expenses;;;;;ISP.MI;Finance;Italy;Intesa Sanpaolo
Selling General and Administrative;2,954,000;2,954,000;2,400,000;2,376,000;ISP.MI;Finance;Italy;Intesa Sanpaolo
Total Operating Expenses;27,593,000;27,593,000;23,896,000;21,318,000;ISP.MI;Finance;Italy;Intesa Sanpaolo
Interest Expense;3,778,000;3,778,000;4,564,000;4,768,000;ISP.MI;Finance;Italy;Intesa Sanpaolo
Income Before Tax;2,208,000;2,208,000;5,672,000;5,458,000;ISP.MI;Finance;Italy;Intesa Sanpaolo
Income Tax Expense;59,000;59,000;1,564,000;1,386,000;ISP.MI;Finance;Italy;Intesa Sanpaolo
Income from Continuing Operations;2,149,000;2,149,000;4,108,000;4,072,000;ISP.MI;Finance;Italy;Intesa Sanpaolo
Net Income;3,277,000;3,277,000;4,182,000;4,050,000;ISP.MI;Finance;Italy;Intesa Sanpaolo
Net Income available to common shareholders;3,277,000;3,277,000;4,182,000;4,050,000;ISP.MI;Finance;Italy;Intesa Sanpaolo
Total Revenue;3,861,933,000;3,462,531,000;3,367,165,000;3,639,521,000;MUFG;Finance;Japan;Mitsubishi UFJ Financial Group
Interest Expense;1,258,052,000;1,684,344,000;1,517,981,000;1,028,755,000;MUFG;Finance;Japan;Mitsubishi UFJ Financial Group
Income Before Tax;740,842,000;433,220,000;870,842,000;1,661,819,000;MUFG;Finance;Japan;Mitsubishi UFJ Financial Group
Income Tax Expense;259,443,000;114,505,000;133,237,000;407,823,000;MUFG;Finance;Japan;Mitsubishi UFJ Financial Group
Income from Continuing Operations;481,399,000;318,715,000;737,605,000;1,253,996,000;MUFG;Finance;Japan;Mitsubishi UFJ Financial Group
Net Income;466,313,000;305,955,000;718,645,000;1,228,160,000;MUFG;Finance;Japan;Mitsubishi UFJ Financial Group
Net Income available to common shareholders;466,313,000;305,955,000;718,645,000;1,228,160,000;MUFG;Finance;Japan;Mitsubishi UFJ Financial Group
Total Revenue;50,429,000;50,429,000;56,098,000;53,936,000;HSBC;Finance;United Kingdom;HSBC
Operating Expenses;;;;;HSBC;Finance;United Kingdom;HSBC
Selling General and Administrative;11,115,000;11,115,000;13,828,000;15,353,000;HSBC;Finance;United Kingdom;HSBC
Total Operating Expenses;34,391,000;34,391,000;35,000,000;34,734,000;HSBC;Finance;United Kingdom;HSBC
Interest Expense;14,178,000;14,178,000;24,233,000;19,120,000;HSBC;Finance;United Kingdom;HSBC
Income Before Tax;8,777,000;8,777,000;13,347,000;19,890,000;HSBC;Finance;United Kingdom;HSBC
Income Tax Expense;2,678,000;2,678,000;4,639,000;4,865,000;HSBC;Finance;United Kingdom;HSBC
Income from Continuing Operations;6,099,000;6,099,000;8,708,000;15,025,000;HSBC;Finance;United Kingdom;HSBC
Net Income;5,229,000;5,229,000;7,383,000;13,727,000;HSBC;Finance;United Kingdom;HSBC
Net Income available to common shareholders;3,898,000;3,898,000;5,969,000;12,608,000;HSBC;Finance;United Kingdom;HSBC
Total Revenue;119,543,000;119,543,000;115,627,000;109,029,000;JPM;Finance;United States;JPMorgan Chase
Interest Expense;9,960,000;9,960,000;26,795,000;22,383,000;JPM;Finance;United States;JPMorgan Chase
Income Before Tax;35,407,000;35,407,000;44,545,000;40,764,000;JPM;Finance;United States;JPMorgan Chase
Income Tax Expense;6,276,000;6,276,000;8,114,000;8,290,000;JPM;Finance;United States;JPMorgan Chase
Income from Continuing Operations;29,131,000;29,131,000;36,431,000;32,474,000;JPM;Finance;United States;JPMorgan Chase
Net Income;29,131,000;29,131,000;36,431,000;32,474,000;JPM;Finance;United States;JPMorgan Chase
Net Income available to common shareholders;27,410,000;27,410,000;34,642,000;30,709,000;JPM;Finance;United States;JPMorgan Chase
Total Revenue;14,584,000;14,584,000;14,543,000;13,092,000;D05.SI;Finance;Singapore;DBS Bank
Operating Expenses;;;;;D05.SI;Finance;Singapore;DBS Bank
Selling General and Administrative;1,093,000;1,093,000;1,062,000;939,000;D05.SI;Finance;Singapore;DBS Bank
Total Operating Expenses;6,158,000;6,158,000;6,258,000;5,814,000;D05.SI;Finance;Singapore;DBS Bank
Interest Expense;3,132,000;3,132,000;5,967,000;4,843,000;D05.SI;Finance;Singapore;DBS Bank
Income Before Tax;5,368,000;5,368,000;7,583,000;6,659,000;D05.SI;Finance;Singapore;DBS Bank
Income Tax Expense;612,000;612,000;1,154,000;1,006,000;D05.SI;Finance;Singapore;DBS Bank
Income from Continuing Operations;4,756,000;4,756,000;6,429,000;5,653,000;D05.SI;Finance;Singapore;DBS Bank
Net Income;4,721,000;4,721,000;6,391,000;5,577,000;D05.SI;Finance;Singapore;DBS Bank
Net Income available to common shareholders;4,606,000;4,606,000;6,299,000;5,491,000;D05.SI;Finance;Singapore;DBS Bank
Total Revenue;22,343,000;22,869,000;23,153,000;24,818,000;CBA.AX;Finance;Australia;Commonwealth Bank
Operating Income or Loss;-;-;-;-;CBA.AX;Finance;Australia;Commonwealth Bank
Interest Expense;8,375,000;11,552,000;16,468,000;16,202,000;CBA.AX;Finance;Australia;Commonwealth Bank
Income Before Tax;9,479,000;10,479,000;11,763,000;13,420,000;CBA.AX;Finance;Australia;Commonwealth Bank
Income Tax Expense;2,816,000;3,020,000;3,391,000;4,026,000;CBA.AX;Finance;Australia;Commonwealth Bank
Income from Continuing Operations;6,663,000;7,459,000;8,372,000;9,394,000;CBA.AX;Finance;Australia;Commonwealth Bank
Net Income;8,350,000;9,634,000;8,571,000;9,329,000;CBA.AX;Finance;Australia;Commonwealth Bank
Net Income available to common shareholders;8,350,000;9,634,000;8,571,000;9,329,000;CBA.AX;Finance;Australia;Commonwealth Bank
Total Revenue;95,634,000;95,634,000;113,147,000;101,548,000;ITUB;Finance;Brazil;Banco Itaú Unibanco
Interest Expense;73,558,000;73,558,000;75,958,000;70,612,000;ITUB;Finance;Brazil;Banco Itaú Unibanco
Income Before Tax;5,230,000;5,230,000;31,243,000;30,608,000;ITUB;Finance;Brazil;Banco Itaú Unibanco
Income Tax Expense;-9,834,000;-9,834,000;3,430,000;4,969,000;ITUB;Finance;Brazil;Banco Itaú Unibanco
Income from Continuing Operations;15,064,000;15,064,000;27,813,000;25,639,000;ITUB;Finance;Brazil;Banco Itaú Unibanco
Net Income;18,896,000;18,896,000;27,113,000;24,907,000;ITUB;Finance;Brazil;Banco Itaú Unibanco
Net Income available to common shareholders;18,896,000;18,896,000;27,113,000;24,907,000;ITUB;Finance;Brazil;Banco Itaú Unibanco
Total Revenue;13,819,000;13,819,000;14,917,000;14,321,000;CNR.TO;Tourism;Canada;Canadian National Railway
Cost of Revenue;8,048,000;8,048,000;8,832,000;8,359,000;CNR.TO;Tourism;Canada;Canadian National Railway
Gross Profit;5,771,000;5,771,000;6,085,000;5,962,000;CNR.TO;Tourism;Canada;Canadian National Railway
Operating Expenses;;;;;CNR.TO;Tourism;Canada;Canadian National Railway
Total Operating Expenses;9,042,000;9,042,000;0;0;CNR.TO;Tourism;Canada;Canadian National Railway
Operating Income or Loss;-3,271,000;-3,271,000;6,085,000;5,962,000;CNR.TO;Tourism;Canada;Canadian National Railway
Interest Expense;554,000;554,000;538,000;489,000;CNR.TO;Tourism;Canada;Canadian National Railway
Total Other Income/Expenses Net;-673,000;-673,000;-118,000;209,000;CNR.TO;Tourism;Canada;Canadian National Railway
Income Before Tax;4,544,000;4,544,000;5,429,000;5,682,000;CNR.TO;Tourism;Canada;Canadian National Railway
Income Tax Expense;982,000;982,000;1,213,000;1,354,000;CNR.TO;Tourism;Canada;Canadian National Railway
Income from Continuing Operations;3,562,000;3,562,000;4,216,000;4,328,000;CNR.TO;Tourism;Canada;Canadian National Railway
Net Income;3,562,000;3,562,000;4,216,000;4,328,000;CNR.TO;Tourism;Canada;Canadian National Railway
Net Income available to common shareholders;3,562,000;3,562,000;4,216,000;4,328,000;CNR.TO;Tourism;Canada;Canadian National Railway
Total Revenue;1,621,000;1,621,000;4,049,000;3,610,000;AC.PA;Tourism;France;AccorHotels
Cost of Revenue;1,165,000;1,165,000;2,046,000;1,915,000;AC.PA;Tourism;France;AccorHotels
Gross Profit;456,000;456,000;2,003,000;1,695,000;AC.PA;Tourism;France;AccorHotels
Operating Expenses;;;;;AC.PA;Tourism;France;AccorHotels
Total Operating Expenses;1,121,000;1,121,000;1,470,000;1,148,000;AC.PA;Tourism;France;AccorHotels
Operating Income or Loss;-665,000;-665,000;533,000;547,000;AC.PA;Tourism;France;AccorHotels
Interest Expense;72,000;72,000;77,000;76,000;AC.PA;Tourism;France;AccorHotels
Income Before Tax;-2,309,000;-2,309,000;603,000;160,000;AC.PA;Tourism;France;AccorHotels
Income Tax Expense;-62,000;-62,000;138,000;119,000;AC.PA;Tourism;France;AccorHotels
Income from Continuing Operations;-2,247,000;-2,247,000;465,000;44,000;AC.PA;Tourism;France;AccorHotels
Net Income;-1,988,000;-1,988,000;464,000;2,233,000;AC.PA;Tourism;France;AccorHotels
Net Income available to common shareholders;-2,021,000;-2,021,000;422,000;2,196,000;AC.PA;Tourism;France;AccorHotels
Total Revenue;66,806,000;66,806,000;63,341,000;61,550,000;DPW.DE;Tourism;Germany;Deutsche Post
Cost of Revenue;55,033,000;55,033,000;52,914,000;51,718,000;DPW.DE;Tourism;Germany;Deutsche Post
Gross Profit;11,773,000;11,773,000;10,427,000;9,832,000;DPW.DE;Tourism;Germany;Deutsche Post
Operating Expenses;;;;;DPW.DE;Tourism;Germany;Deutsche Post
Selling General and Administrative;1,088,000;1,088,000;1,142,000;1,328,000;DPW.DE;Tourism;Germany;Deutsche Post
Total Operating Expenses;7,227,000;7,227,000;7,126,000;7,025,000;DPW.DE;Tourism;Germany;Deutsche Post
Operating Income or Loss;4,546,000;4,546,000;3,301,000;2,807,000;DPW.DE;Tourism;Germany;Deutsche Post
Interest Expense;634,000;634,000;701,000;629,000;DPW.DE;Tourism;Germany;Deutsche Post
Income Before Tax;4,171,000;4,171,000;3,474,000;2,586,000;DPW.DE;Tourism;Germany;Deutsche Post
Income Tax Expense;995,000;995,000;698,000;362,000;DPW.DE;Tourism;Germany;Deutsche Post
Income from Continuing Operations;3,176,000;3,176,000;2,776,000;2,224,000;DPW.DE;Tourism;Germany;Deutsche Post
Net Income;2,979,000;2,979,000;2,623,000;2,075,000;DPW.DE;Tourism;Germany;Deutsche Post
Net Income available to common shareholders;2,979,000;2,979,000;2,623,000;2,075,000;DPW.DE;Tourism;Germany;Deutsche Post
Total Revenue;830,000;5,594,000;20,825,000;18,881,000;CCL;Tourism;Italy;Costa Crociere
Cost of Revenue;5,257,000;8,245,000;12,909,000;11,089,000;CCL;Tourism;Italy;Costa Crociere
Gross Profit;-4,427,000;-2,651,000;7,916,000;7,792,000;CCL;Tourism;Italy;Costa Crociere
Operating Expenses;;;;;CCL;Tourism;Italy;Costa Crociere
Selling General and Administrative;1,662,000;1,878,000;2,480,000;2,450,000;CCL;Tourism;Italy;Costa Crociere
Total Operating Expenses;3,885,000;4,119,000;4,640,000;4,467,000;CCL;Tourism;Italy;Costa Crociere
Operating Income or Loss;-8,312,000;-6,770,000;3,276,000;3,325,000;CCL;Tourism;Italy;Costa Crociere
Interest Expense;1,238,000;895,000;206,000;194,000;CCL;Tourism;Italy;Costa Crociere
Total Other Income/Expenses Net;-1,930,000;-2,607,000;-32,000;62,000;CCL;Tourism;Italy;Costa Crociere
Income Before Tax;-11,462,000;-10,253,000;3,060,000;3,207,000;CCL;Tourism;Italy;Costa Crociere
Income Tax Expense;-34,000;-17,000;71,000;54,000;CCL;Tourism;Italy;Costa Crociere
Income from Continuing Operations;-11,428,000;-10,236,000;2,989,000;3,153,000;CCL;Tourism;Italy;Costa Crociere
Net Income;-11,428,000;-10,236,000;2,990,000;3,152,000;CCL;Tourism;Italy;Costa Crociere
Net Income available to common shareholders;-11,428,000;-10,236,000;2,990,000;3,152,000;CCL;Tourism;Italy;Costa Crociere
Total Revenue;642,250;720,169;740,017;-;GBT.TO;Tourism;Japan;JTB Corporation
Cost of Revenue;382,771;433,594;444,033;-;GBT.TO;Tourism;Japan;JTB Corporation
Gross Profit;259,479;286,575;295,984;-;GBT.TO;Tourism;Japan;JTB Corporation
Operating Expenses;;;;;GBT.TO;Tourism;Japan;JTB Corporation
Selling General and Administrative;201,359;247,347;242,753;-;GBT.TO;Tourism;Japan;JTB Corporation
Total Operating Expenses;201,098;247,079;242,425;-;GBT.TO;Tourism;Japan;JTB Corporation
Operating Income or Loss;58,381;39,496;53,559;-;GBT.TO;Tourism;Japan;JTB Corporation
Total Other Income/Expenses Net;-157;7,726;6,855;-;GBT.TO;Tourism;Japan;JTB Corporation
Income Before Tax;58,764;47,724;61,022;-;GBT.TO;Tourism;Japan;JTB Corporation
Income Tax Expense;15,477;11,690;15,857;-;GBT.TO;Tourism;Japan;JTB Corporation
Income from Continuing Operations;43,287;36,034;45,165;-;GBT.TO;Tourism;Japan;JTB Corporation
Net Income;43,287;36,034;45,165;-;GBT.TO;Tourism;Japan;JTB Corporation
Net Income available to common shareholders;43,287;36,034;45,165;-;GBT.TO;Tourism;Japan;JTB Corporation
Total Revenue;4,561,000;7,943,700;18,928,100;19,523,900;TUI1.DE;Tourism;United Kingdom;Tui travel group
Cost of Revenue;7,058,000;9,926,100;17,257,400;17,542,400;TUI1.DE;Tourism;United Kingdom;Tui travel group
Gross Profit;-2,497,000;-1,982,400;1,670,700;1,981,500;TUI1.DE;Tourism;United Kingdom;Tui travel group
Operating Expenses;;;;;TUI1.DE;Tourism;United Kingdom;Tui travel group
Selling General and Administrative;128,700;218,100;334,100;416,600;TUI1.DE;Tourism;United Kingdom;Tui travel group
Total Operating Expenses;1,016,400;1,017,400;1,219,400;1,293,400;TUI1.DE;Tourism;United Kingdom;Tui travel group
Operating Income or Loss;-3,513,400;-2,999,800;451,300;688,100;TUI1.DE;Tourism;United Kingdom;Tui travel group
Interest Expense;379,300;305,600;167,600;162,500;TUI1.DE;Tourism;United Kingdom;Tui travel group
Income Before Tax;-3,902,700;-3,203,300;691,400;971,500;TUI1.DE;Tourism;United Kingdom;Tui travel group
Income Tax Expense;-56,100;-64,200;159,500;191,300;TUI1.DE;Tourism;United Kingdom;Tui travel group
Income from Continuing Operations;-3,846,800;-3,139,100;531,900;780,200;TUI1.DE;Tourism;United Kingdom;Tui travel group
Net Income;-3,822,700;-3,148,400;416,200;732,500;TUI1.DE;Tourism;United Kingdom;Tui travel group
Net Income available to common shareholders;-3,822,700;-3,148,400;416,200;732,500;TUI1.DE;Tourism;United Kingdom;Tui travel group
Total Revenue;5,199,000;5,199,000;12,067,000;11,223,000;EXPE;Tourism;United States;Expedia Group
Cost of Revenue;1,680,000;1,680,000;2,163,000;1,965,000;EXPE;Tourism;United States;Expedia Group
Gross Profit;3,519,000;3,519,000;9,904,000;9,258,000;EXPE;Tourism;United States;Expedia Group
Operating Expenses;;;;;EXPE;Tourism;United States;Expedia Group
Research Development;1,010,000;1,010,000;1,763,000;1,617,000;EXPE;Tourism;United States;Expedia Group
Selling General and Administrative;3,143,000;3,143,000;6,982,000;6,575,000;EXPE;Tourism;United States;Expedia Group
Total Operating Expenses;5,046,000;5,046,000;8,943,000;8,475,000;EXPE;Tourism;United States;Expedia Group
Operating Income or Loss;-1,527,000;-1,527,000;961,000;783,000;EXPE;Tourism;United States;Expedia Group
Interest Expense;360,000;360,000;173,000;190,000;EXPE;Tourism;United States;Expedia Group
Total Other Income/Expenses Net;-1,282,000;-1,282,000;-72,000;-179,000;EXPE;Tourism;United States;Expedia Group
Income Before Tax;-3,151,000;-3,151,000;775,000;485,000;EXPE;Tourism;United States;Expedia Group
Income Tax Expense;-423,000;-423,000;203,000;87,000;EXPE;Tourism;United States;Expedia Group
Income from Continuing Operations;-2,728,000;-2,728,000;572,000;398,000;EXPE;Tourism;United States;Expedia Group
Net Income;-2,612,000;-2,612,000;565,000;406,000;EXPE;Tourism;United States;Expedia Group
Net Income available to common shareholders;-2,687,000;-2,687,000;565,000;406,000;EXPE;Tourism;United States;Expedia Group
Total Revenue;9,285,800;15,975,900;16,323,200;15,806,100;C6L.SI;Tourism;Singapore;Singapore Airlines
Cost of Revenue;8,165,200;12,091,900;12,163,200;11,794,600;C6L.SI;Tourism;Singapore;Singapore Airlines
Gross Profit;1,120,600;3,884,000;4,160,000;4,011,500;C6L.SI;Tourism;Singapore;Singapore Airlines
Operating Expenses;;;;;C6L.SI;Tourism;Singapore;Singapore Airlines
Selling General and Administrative;1,213,300;2,150,900;2,212,800;2,173,100;C6L.SI;Tourism;Singapore;Singapore Airlines
Total Operating Expenses;2,009,600;3,070,500;3,088,500;2,922,700;C6L.SI;Tourism;Singapore;Singapore Airlines
Operating Income or Loss;-889,000;813,500;1,071,500;1,088,800;C6L.SI;Tourism;Singapore;Singapore Airlines
Interest Expense;223,000;216,800;113,400;87,700;C6L.SI;Tourism;Singapore;Singapore Airlines
Income Before Tax;-4,282,300;-220,200;868,600;1,101,000;C6L.SI;Tourism;Singapore;Singapore Airlines
Income Tax Expense;-409,200;-50,800;147,000;164,200;C6L.SI;Tourism;Singapore;Singapore Airlines
Income from Continuing Operations;-3,873,100;-169,400;721,600;936,800;C6L.SI;Tourism;Singapore;Singapore Airlines
Net Income;-3,884,600;-212,000;682,700;892,900;C6L.SI;Tourism;Singapore;Singapore Airlines
Net Income available to common shareholders;-3,884,600;-212,000;682,700;892,900;C6L.SI;Tourism;Singapore;Singapore Airlines
Total Revenue;511,382;1,898,085;3,055,268;2,921,440;FLT.AX;Tourism;Australia;Flight Centre
Cost of Revenue;33,378;129,856;157,231;128,374;FLT.AX;Tourism;Australia;Flight Centre
Gross Profit;478,004;1,768,229;2,898,037;2,793,066;FLT.AX;Tourism;Australia;Flight Centre
Operating Expenses;;;;;FLT.AX;Tourism;Australia;Flight Centre
Selling General and Administrative;1,263,251;1,760,669;2,022,958;1,934,405;FLT.AX;Tourism;Australia;Flight Centre
Total Operating Expenses;1,863,319;2,550,902;2,555,599;2,416,108;FLT.AX;Tourism;Australia;Flight Centre
Operating Income or Loss;-1,385,315;-782,673;342,438;376,958;FLT.AX;Tourism;Australia;Flight Centre
Interest Expense;39,787;38,253;25,592;25,516;FLT.AX;Tourism;Australia;Flight Centre
Total Other Income/Expenses Net;201,500;-42,957;2,475;-13,295;FLT.AX;Tourism;Australia;Flight Centre
Income Before Tax;-1,205,402;-849,284;343,457;363,493;FLT.AX;Tourism;Australia;Flight Centre
Income Tax Expense;-287,641;-187,175;79,283;99,280;FLT.AX;Tourism;Australia;Flight Centre
Income from Continuing Operations;-917,761;-662,109;264,174;264,213;FLT.AX;Tourism;Australia;Flight Centre
Net Income;-917,818;-662,166;263,825;262,930;FLT.AX;Tourism;Australia;Flight Centre
Net Income available to common shareholders;-917,818;-662,166;263,825;262,930;FLT.AX;Tourism;Australia;Flight Centre
Total Revenue;3,923,667;3,923,667;10,070,063;9,895,456;LTM.SN;Tourism;Brazil;LATAM Brasil
Cost of Revenue;4,513,200;4,513,200;7,951,300;7,962,800;LTM.SN;Tourism;Brazil;LATAM Brasil
Gross Profit;-589,533;-589,533;2,118,763;1,932,656;LTM.SN;Tourism;Brazil;LATAM Brasil
Operating Expenses;;;;;LTM.SN;Tourism;Brazil;LATAM Brasil
Selling General and Administrative;793,790;793,790;1,315,264;1,340,470;LTM.SN;Tourism;Brazil;LATAM Brasil
Total Operating Expenses;1,165,772;1,165,772;1,468,371;1,252,050;LTM.SN;Tourism;Brazil;LATAM Brasil
Operating Income or Loss;-1,755,305;-1,755,305;650,392;680,606;LTM.SN;Tourism;Brazil;LATAM Brasil
Interest Expense;530,631;530,631;569,444;345,988;LTM.SN;Tourism;Brazil;LATAM Brasil
Total Other Income/Expenses Net;-2,813,808;-2,813,808;55,144;-80,518;LTM.SN;Tourism;Brazil;LATAM Brasil
Income Before Tax;-5,105,723;-5,105,723;141,916;297,029;LTM.SN;Tourism;Brazil;LATAM Brasil
Income Tax Expense;-550,188;-550,188;-53,697;83,782;LTM.SN;Tourism;Brazil;LATAM Brasil
Income from Continuing Operations;-4,555,535;-4,555,535;195,613;213,247;LTM.SN;Tourism;Brazil;LATAM Brasil
Net Income;-4,545,887;-4,545,887;190,430;181,935;LTM.SN;Tourism;Brazil;LATAM Brasil
Net Income available to common shareholders;-4,545,887;-4,545,887;190,430;181,935;LTM.SN;Tourism;Brazil;LATAM Brasil
Total Revenue;39,087,000;39,087,000;50,069,000;46,378,000;ENB.TO;Energy;Canada;Enbridge
Cost of Revenue;24,381,000;24,381,000;34,395,000;32,647,000;ENB.TO;Energy;Canada;Enbridge
Gross Profit;14,706,000;14,706,000;15,674,000;13,731,000;ENB.TO;Energy;Canada;Enbridge
Operating Expenses;;;;;ENB.TO;Energy;Canada;Enbridge
Selling General and Administrative;6,749,000;6,749,000;6,991,000;6,792,000;ENB.TO;Energy;Canada;Enbridge
Total Operating Expenses;6,749,000;6,749,000;6,991,000;6,792,000;ENB.TO;Energy;Canada;Enbridge
Operating Income or Loss;7,957,000;7,957,000;8,683,000;6,939,000;ENB.TO;Energy;Canada;Enbridge
Interest Expense;2,844,000;2,844,000;2,730,000;2,834,000;ENB.TO;Energy;Canada;Enbridge
Total Other Income/Expenses Net;-977,000;-977,000;1,515,000;-666,000;ENB.TO;Energy;Canada;Enbridge
Income Before Tax;4,190,000;4,190,000;7,535,000;3,570,000;ENB.TO;Energy;Canada;Enbridge
Income Tax Expense;774,000;774,000;1,708,000;237,000;ENB.TO;Energy;Canada;Enbridge
Income from Continuing Operations;3,416,000;3,416,000;5,827,000;3,333,000;ENB.TO;Energy;Canada;Enbridge
Net Income;3,363,000;3,363,000;5,705,000;2,882,000;ENB.TO;Energy;Canada;Enbridge
Net Income available to common shareholders;2,983,000;2,983,000;5,322,000;2,515,000;ENB.TO;Energy;Canada;Enbridge
Total Revenue;119,704,000;119,704,000;176,249,000;184,106,000;TOT;Energy;France;Total S.A.
Cost of Revenue;100,093,000;100,093,000;132,218,000;140,033,000;TOT;Energy;France;Total S.A.
Gross Profit;19,611,000;19,611,000;44,031,000;44,073,000;TOT;Energy;France;Total S.A.
Operating Expenses;;;;;TOT;Energy;France;Total S.A.
Total Operating Expenses;26,876,000;26,876,000;28,679,000;28,811,000;TOT;Energy;France;Total S.A.
Operating Income or Loss;-7,265,000;-7,265,000;15,352,000;15,262,000;TOT;Energy;France;Total S.A.
Interest Expense;2,037,000;2,037,000;2,106,000;1,414,000;TOT;Energy;France;Total S.A.
Total Other Income/Expenses Net;1,686,000;1,686,000;3,821,000;4,131,000;TOT;Energy;France;Total S.A.
Income Before Tax;-7,018,000;-7,018,000;17,310,000;18,066,000;TOT;Energy;France;Total S.A.
Income Tax Expense;318,000;318,000;5,872,000;6,516,000;TOT;Energy;France;Total S.A.
Income from Continuing Operations;-7,336,000;-7,336,000;11,438,000;11,550,000;TOT;Energy;France;Total S.A.
Net Income;-7,242,000;-7,242,000;11,267,000;11,446,000;TOT;Energy;France;Total S.A.
Net Income available to common shareholders;-7,242,000;-7,242,000;11,267,000;11,446,000;TOT;Energy;France;Total S.A.
Total Revenue;50,967,000;50,967,000;65,804,000;78,176,000;UN01.DE;Energy;Germany;Uniper
Cost of Revenue;48,700,000;48,700,000;63,302,000;74,619,000;UN01.DE;Energy;Germany;Uniper
Gross Profit;2,267,000;2,267,000;2,502,000;3,557,000;UN01.DE;Energy;Germany;Uniper
Operating Expenses;;;;;UN01.DE;Energy;Germany;Uniper
Total Operating Expenses;2,485,000;2,485,000;3,034,000;3,022,000;UN01.DE;Energy;Germany;Uniper
Operating Income or Loss;-218,000;-218,000;-532,000;535,000;UN01.DE;Energy;Germany;Uniper
Interest Expense;349,000;349,000;238,000;378,000;UN01.DE;Energy;Germany;Uniper
Income Before Tax;540,000;540,000;957,000;-574,000;UN01.DE;Energy;Germany;Uniper
Income Tax Expense;139,000;139,000;315,000;-82,000;UN01.DE;Energy;Germany;Uniper
Income from Continuing Operations;402,000;402,000;644,000;-492,000;UN01.DE;Energy;Germany;Uniper
Net Income;397,000;397,000;610,000;-452,000;UN01.DE;Energy;Germany;Uniper
Net Income available to common shareholders;397,000;397,000;610,000;-452,000;UN01.DE;Energy;Germany;Uniper
Total Revenue;43,987,000;43,987,000;69,881,000;75,822,000;ENI.MI;Energy;Italy;ENI
Cost of Revenue;40,855,000;40,855,000;58,980,000;62,610,000;ENI.MI;Energy;Italy;ENI
Gross Profit;3,132,000;3,132,000;10,901,000;13,212,000;ENI.MI;Energy;Italy;ENI
Operating Expenses;;;;;ENI.MI;Energy;Italy;ENI
Selling General and Administrative;2,863,000;2,863,000;2,996,000;3,093,000;ENI.MI;Energy;Italy;ENI
Total Operating Expenses;1,913,000;1,913,000;1,988,000;2,431,000;ENI.MI;Energy;Italy;ENI
Operating Income or Loss;1,219,000;1,219,000;8,913,000;10,781,000;ENI.MI;Energy;Italy;ENI
Interest Expense;4,958,000;4,958,000;3,952,000;4,631,000;ENI.MI;Energy;Italy;ENI
Total Other Income/Expenses Net;-5,801,000;-5,801,000;-2,302,000;-10,000;ENI.MI;Energy;Italy;ENI
Income Before Tax;-5,978,000;-5,978,000;5,746,000;10,107,000;ENI.MI;Energy;Italy;ENI
Income Tax Expense;2,650,000;2,650,000;5,591,000;5,970,000;ENI.MI;Energy;Italy;ENI
Income from Continuing Operations;-8,628,000;-8,628,000;155,000;4,137,000;ENI.MI;Energy;Italy;ENI
Net Income;-8,635,000;-8,635,000;148,000;4,126,000;ENI.MI;Energy;Italy;ENI
Net Income available to common shareholders;-8,635,000;-8,635,000;148,000;4,126,000;ENI.MI;Energy;Italy;ENI
Total Revenue;7,771,735,000;10,011,774,000;11,129,630,000;10,301,072,000;5020.T;Energy;Japan;ENEOS Holdings
Cost of Revenue;7,006,953,000;9,245,604,000;9,909,694,000;9,014,483,000;5020.T;Energy;Japan;ENEOS Holdings
Gross Profit;764,782,000;766,170,000;1,219,936,000;1,286,589,000;5020.T;Energy;Japan;ENEOS Holdings
Operating Expenses;;;;;5020.T;Energy;Japan;ENEOS Holdings
Selling General and Administrative;799,137,000;829,323,000;816,260,000;783,840,000;5020.T;Energy;Japan;ENEOS Holdings
Total Operating Expenses;978,841,000;895,099,000;728,913,000;861,553,000;5020.T;Energy;Japan;ENEOS Holdings
Operating Income or Loss;-214,059,000;-128,929,000;491,023,000;425,036,000;5020.T;Energy;Japan;ENEOS Holdings
Interest Expense;29,842,000;34,819,000;35,484,000;28,421,000;5020.T;Energy;Japan;ENEOS Holdings
Income Before Tax;-222,002,000;-135,764,000;508,617,000;467,435,000;5020.T;Energy;Japan;ENEOS Holdings
Income Tax Expense;37,964,000;36,971,000;151,466,000;143,142,000;5020.T;Energy;Japan;ENEOS Holdings
Income from Continuing Operations;-259,966,000;-172,735,000;357,151,000;324,293,000;5020.T;Energy;Japan;ENEOS Holdings
Net Income;-245,487,000;-187,946,000;322,319,000;361,922,000;5020.T;Energy;Japan;ENEOS Holdings
Net Income available to common shareholders;-245,487,000;-187,946,000;322,319,000;361,922,000;5020.T;Energy;Japan;ENEOS Holdings
Total Revenue;180,366,000;180,366,000;278,397,000;298,756,000;BP;Energy;United Kingdom;BP
Cost of Revenue;170,182,000;170,182,000;250,814,000;269,876,000;BP;Energy;United Kingdom;BP
Gross Profit;10,184,000;10,184,000;27,583,000;28,880,000;BP;Energy;United Kingdom;BP
Operating Expenses;;;;;BP;Energy;United Kingdom;BP
Selling General and Administrative;10,397,000;10,397,000;11,057,000;12,179,000;BP;Energy;United Kingdom;BP
Total Operating Expenses;10,757,000;10,757,000;11,390,000;12,539,000;BP;Energy;United Kingdom;BP
Operating Income or Loss;-573,000;-573,000;16,193,000;16,341,000;BP;Energy;United Kingdom;BP
Interest Expense;3,115,000;3,115,000;3,489,000;2,528,000;BP;Energy;United Kingdom;BP
Income Before Tax;-24,888,000;-24,888,000;8,154,000;16,723,000;BP;Energy;United Kingdom;BP
Income Tax Expense;-4,159,000;-4,159,000;3,964,000;7,145,000;BP;Energy;United Kingdom;BP
Income from Continuing Operations;-20,729,000;-20,729,000;4,190,000;9,578,000;BP;Energy;United Kingdom;BP
Net Income;-20,305,000;-20,305,000;4,026,000;9,383,000;BP;Energy;United Kingdom;BP
Net Income available to common shareholders;-20,306,000;-20,306,000;4,025,000;9,382,000;BP;Energy;United Kingdom;BP
Total Revenue;178,574,000;178,574,000;255,583,000;279,332,000;XOM;Energy;United States;ExxonMobil
Cost of Revenue;170,447,000;170,447,000;199,625,000;211,599,000;XOM;Energy;United States;ExxonMobil
Gross Profit;8,127,000;8,127,000;55,958,000;67,733,000;XOM;Energy;United States;ExxonMobil
Operating Expenses;;;;;XOM;Energy;United States;ExxonMobil
Selling General and Administrative;10,168,000;10,168,000;11,398,000;11,480,000;XOM;Energy;United States;ExxonMobil
Total Operating Expenses;37,575,000;37,575,000;43,192,000;45,609,000;XOM;Energy;United States;ExxonMobil
Operating Income or Loss;-29,448,000;-29,448,000;12,766,000;22,124,000;XOM;Energy;United States;ExxonMobil
Interest Expense;1,158,000;1,158,000;830,000;766,000;XOM;Energy;United States;ExxonMobil
Total Other Income/Expenses Net;1,723,000;1,723,000;8,120,000;9,595,000;XOM;Energy;United States;ExxonMobil
Income Before Tax;-28,883,000;-28,883,000;20,056,000;30,953,000;XOM;Energy;United States;ExxonMobil
Income Tax Expense;-5,632,000;-5,632,000;5,282,000;9,532,000;XOM;Energy;United States;ExxonMobil
Income from Continuing Operations;-23,251,000;-23,251,000;14,774,000;21,421,000;XOM;Energy;United States;ExxonMobil
Net Income;-22,440,000;-22,440,000;14,340,000;20,840,000;XOM;Energy;United States;ExxonMobil
Net Income available to common shareholders;-22,440,000;-22,440,000;14,340,000;20,840,000;XOM;Energy;United States;ExxonMobil
Total Revenue;246,015;276,414;335,706;324,542;500.SI;Energy;Singapore;Tai Sin Electric Limited
Cost of Revenue;204,830;232,054;285,190;270,849;500.SI;Energy;Singapore;Tai Sin Electric Limited
Gross Profit;41,185;44,360;50,516;53,693;500.SI;Energy;Singapore;Tai Sin Electric Limited
Operating Expenses;;;;;500.SI;Energy;Singapore;Tai Sin Electric Limited
Selling General and Administrative;35,771;37,927;37,959;38,782;500.SI;Energy;Singapore;Tai Sin Electric Limited
Total Operating Expenses;21,914;35,505;38,464;39,534;500.SI;Energy;Singapore;Tai Sin Electric Limited
Operating Income or Loss;19,271;8,855;12,052;14,159;500.SI;Energy;Singapore;Tai Sin Electric Limited
Interest Expense;906;1,089;1,005;552;500.SI;Energy;Singapore;Tai Sin Electric Limited
Income Before Tax;23,426;12,414;13,947;18,223;500.SI;Energy;Singapore;Tai Sin Electric Limited
Income Tax Expense;3,466;2,388;1,965;2,651;500.SI;Energy;Singapore;Tai Sin Electric Limited
Income from Continuing Operations;19,960;10,026;11,982;15,572;500.SI;Energy;Singapore;Tai Sin Electric Limited
Net Income;19,727;9,702;11,749;15,456;500.SI;Energy;Singapore;Tai Sin Electric Limited
Net Income available to common shareholders;19,727;9,702;11,749;15,456;500.SI;Energy;Singapore;Tai Sin Electric Limited
Total Revenue;4,714,360;4,714,360;7,138,167;7,530,462;WPL.AX;Energy;Australia;Woodside Petroleum
Cost of Revenue;1,682,680;1,682,680;1,645,732;1,661,944;WPL.AX;Energy;Australia;Woodside Petroleum
Gross Profit;3,031,680;3,031,680;5,492,435;5,868,518;WPL.AX;Energy;Australia;Woodside Petroleum
Operating Expenses;;;;;WPL.AX;Energy;Australia;Woodside Petroleum
Selling General and Administrative;283,043;283,043;242,649;145,934;WPL.AX;Energy;Australia;Woodside Petroleum
Total Operating Expenses;9,745,521;9,745,521;2,886,098;2,588,552;WPL.AX;Energy;Australia;Woodside Petroleum
Operating Income or Loss;-6,713,841;-6,713,841;2,606,337;3,279,966;WPL.AX;Energy;Australia;Woodside Petroleum
Interest Expense;312,906;312,906;329,717;306,036;WPL.AX;Energy;Australia;Woodside Petroleum
Total Other Income/Expenses Net;-1,051,955;-;-1,051,955;-58,090;WPL.AX;Energy;Australia;Woodside Petroleum
Income Before Tax;-7,063,100;-7,063,100;1,230,374;2,968,263;WPL.AX;Energy;Australia;Woodside Petroleum
Income Tax Expense;-1,902,103;-1,902,103;685,127;889,770;WPL.AX;Energy;Australia;Woodside Petroleum
Income from Continuing Operations;-5,160,997;-5,160,997;545,247;2,078,492;WPL.AX;Energy;Australia;Woodside Petroleum
Net Income;-5,229,810;-5,229,810;489,580;1,932,559;WPL.AX;Energy;Australia;Woodside Petroleum
Net Income available to common shareholders;-5,229,810;-5,229,810;489,580;1,932,559;WPL.AX;Energy;Australia;Woodside Petroleum
Total Revenue;53,683,000;53,683,000;76,589,000;95,584,000;PBR;Energy;Brazil;Petrobras
Cost of Revenue;29,195,000;29,195,000;45,732,000;61,517,000;PBR;Energy;Brazil;Petrobras
Gross Profit;24,488,000;24,488,000;30,857,000;34,067,000;PBR;Energy;Brazil;Petrobras
Operating Expenses;;;;;PBR;Energy;Brazil;Petrobras
Research Development;355,000;355,000;576,000;642,000;PBR;Energy;Brazil;Petrobras
Selling General and Administrative;5,435,000;5,435,000;10,158,000;9,919,000;PBR;Energy;Brazil;Petrobras
Total Operating Expenses;7,764,000;7,764,000;12,355,000;12,998,000;PBR;Energy;Brazil;Petrobras
Operating Income or Loss;16,724,000;16,724,000;18,502,000;21,069,000;PBR;Energy;Brazil;Petrobras
Interest Expense;5,771,000;5,771,000;6,684,000;4,206,000;PBR;Energy;Brazil;Petrobras
Total Other Income/Expenses Net;-11,295,000;-11,295,000;-185,000;-6,335,000;PBR;Energy;Brazil;Petrobras
Income Before Tax;-226,000;-226,000;12,003,000;12,098,000;PBR;Energy;Brazil;Petrobras
Income Tax Expense;-1,174,000;-1,174,000;4,200,000;4,684,000;PBR;Energy;Brazil;Petrobras
Income from Continuing Operations;948,000;948,000;7,803,000;7,414,000;PBR;Energy;Brazil;Petrobras
Net Income;1,141,000;1,141,000;10,151,000;7,173,000;PBR;Energy;Brazil;Petrobras
Net Income available to common shareholders;1,141,000;1,141,000;10,151,000;7,173,000;PBR;Energy;Brazil;Petrobras
Total Revenue;43,209,900;54,132,400;59,117,600;51,394,400;ATD-B.TO;Food;Canada;Alimentation Couche-Tard
Cost of Revenue;33,057,300;44,397,700;49,922,700;43,282,900;ATD-B.TO;Food;Canada;Alimentation Couche-Tard
Gross Profit;10,152,600;9,734,700;9,194,900;8,111,500;ATD-B.TO;Food;Canada;Alimentation Couche-Tard
Operating Expenses;;;;;ATD-B.TO;Food;Canada;Alimentation Couche-Tard
Selling General and Administrative;5,211,500;5,314,000;5,646,100;5,125,400;ATD-B.TO;Food;Canada;Alimentation Couche-Tard
Total Operating Expenses;6,532,900;6,650,800;6,716,800;6,031,200;ATD-B.TO;Food;Canada;Alimentation Couche-Tard
Operating Income or Loss;3,619,700;3,083,900;2,478,100;2,080,300;ATD-B.TO;Food;Canada;Alimentation Couche-Tard
Interest Expense;323,900;326,700;312,900;283,400;ATD-B.TO;Food;Canada;Alimentation Couche-Tard
Total Other Income/Expenses Net;74,600;137,600;39,500;-55,600;ATD-B.TO;Food;Canada;Alimentation Couche-Tard
Income Before Tax;3,391,300;2,903,500;2,192,200;1,737,800;ATD-B.TO;Food;Canada;Alimentation Couche-Tard
Income Tax Expense;671,400;545,900;370,900;57,300;ATD-B.TO;Food;Canada;Alimentation Couche-Tard
Income from Continuing Operations;2,719,900;2,357,600;1,821,300;1,680,500;ATD-B.TO;Food;Canada;Alimentation Couche-Tard
Net Income;2,717,900;2,353,600;1,833,900;1,673,600;ATD-B.TO;Food;Canada;Alimentation Couche-Tard
Net Income available to common shareholders;2,717,900;2,353,600;1,833,900;1,673,600;ATD-B.TO;Food;Canada;Alimentation Couche-Tard
Total Revenue;23,620,000;23,620,000;25,287,000;24,651,000;BN.PA;Food;France;Danone
Cost of Revenue;12,267,000;12,267,000;12,878,000;12,729,000;BN.PA;Food;France;Danone
Gross Profit;11,353,000;11,353,000;12,409,000;11,922,000;BN.PA;Food;France;Danone
Operating Expenses;;;;;BN.PA;Food;France;Danone
Research Development;323,000;323,000;351,000;335,000;BN.PA;Food;France;Danone
Selling General and Administrative;7,651,000;7,651,000;8,158,000;7,860,000;BN.PA;Food;France;Danone
Total Operating Expenses;8,018,000;8,018,000;8,604,000;9,225,000;BN.PA;Food;France;Danone
Operating Income or Loss;3,335,000;3,335,000;3,805,000;2,697,000;BN.PA;Food;France;Danone
Interest Expense;358,000;358,000;400,000;393,000;BN.PA;Food;France;Danone
Income Before Tax;2,488,000;2,488,000;2,867,000;2,393,000;BN.PA;Food;France;Danone
Income Tax Expense;762,000;762,000;793,000;716,000;BN.PA;Food;France;Danone
Income from Continuing Operations;2,030,000;2,030,000;2,028,000;2,439,000;BN.PA;Food;France;Danone
Net Income;1,956,000;1,956,000;1,929,000;2,349,000;BN.PA;Food;France;Danone
Net Income available to common shareholders;1,941,000;1,941,000;1,915,000;2,349,000;BN.PA;Food;France;Danone
Total Revenue;59,149,000;59,149,000;59,316,000;62,675,000;BAS.DE;Food;Germany;BASF
Cost of Revenue;44,040,000;44,040,000;43,061,000;44,319,000;BAS.DE;Food;Germany;BASF
Gross Profit;15,109,000;15,109,000;16,255,000;18,356,000;BAS.DE;Food;Germany;BASF
Operating Expenses;;;;;BAS.DE;Food;Germany;BASF
Research Development;2,086,000;2,086,000;2,158,000;2,028,000;BAS.DE;Food;Germany;BASF
Selling General and Administrative;8,725,000;8,725,000;9,222,000;10,014,000;BAS.DE;Food;Germany;BASF
Total Operating Expenses;14,224,000;14,224,000;11,947,000;12,202,000;BAS.DE;Food;Germany;BASF
Operating Income or Loss;885,000;885,000;4,308,000;6,154,000;BAS.DE;Food;Germany;BASF
Interest Expense;678,000;678,000;819,000;678,000;BAS.DE;Food;Germany;BASF
Income Before Tax;-1,562,000;-1,562,000;3,302,000;5,288,000;BAS.DE;Food;Germany;BASF
Income Tax Expense;-91,000;-91,000;756,000;1,138,000;BAS.DE;Food;Germany;BASF
Income from Continuing Operations;-1,471,000;-1,471,000;2,546,000;4,150,000;BAS.DE;Food;Germany;BASF
Net Income;-1,060,000;-1,060,000;8,421,000;4,707,000;BAS.DE;Food;Germany;BASF
Net Income available to common shareholders;-1,060,000;-1,060,000;8,421,000;4,707,000;BAS.DE;Food;Germany;BASF
Total Revenue;657,248;561,953;605,557;692,332;OLE.MC;Food;Italy;Barilla Group
Cost of Revenue;448,212;399,097;463,494;539,377;OLE.MC;Food;Italy;Barilla Group
Gross Profit;209,036;162,856;142,063;152,955;OLE.MC;Food;Italy;Barilla Group
Operating Expenses;;;;;OLE.MC;Food;Italy;Barilla Group
Total Operating Expenses;158,802;157,001;145,313;153,259;OLE.MC;Food;Italy;Barilla Group
Operating Income or Loss;50,234;5,855;-3,250;-304;OLE.MC;Food;Italy;Barilla Group
Income Before Tax;283,912;-5,503;-331,758;-26,112;OLE.MC;Food;Italy;Barilla Group
Income Tax Expense;11,802;5,103;-40,693;-7,756;OLE.MC;Food;Italy;Barilla Group
Income from Continuing Operations;272,110;-10,606;-291,065;-18,356;OLE.MC;Food;Italy;Barilla Group
Net Income;267,153;-10,606;-291,065;-18,356;OLE.MC;Food;Italy;Barilla Group
Net Income available to common shareholders;267,153;-10,606;-291,065;-18,356;OLE.MC;Food;Italy;Barilla Group
Total Revenue;870,890,000;905,204,000;922,468,000;918,820,000;1333.T;Food;Japan;Maruha Nichiro Corporation
Cost of Revenue;753,521,000;787,135,000;798,618,000;793,705,000;1333.T;Food;Japan;Maruha Nichiro Corporation
Gross Profit;117,368,000;118,069,000;123,849,000;125,115,000;1333.T;Food;Japan;Maruha Nichiro Corporation
Operating Expenses;;;;;1333.T;Food;Japan;Maruha Nichiro Corporation
Total Operating Expenses;99,079,000;100,989,000;102,091,000;100,617,000;1333.T;Food;Japan;Maruha Nichiro Corporation
Operating Income or Loss;18,289,000;17,080,000;21,758,000;24,498,000;1333.T;Food;Japan;Maruha Nichiro Corporation
Interest Expense;1,550,000;1,747,000;1,752,000;1,845,000;1333.T;Food;Japan;Maruha Nichiro Corporation
Income Before Tax;12,149,000;21,067,000;26,547,000;26,711,000;1333.T;Food;Japan;Maruha Nichiro Corporation
Income Tax Expense;2,320,000;6,296,000;7,624,000;7,301,000;1333.T;Food;Japan;Maruha Nichiro Corporation
Income from Continuing Operations;9,829,000;14,771,000;18,923,000;19,410,000;1333.T;Food;Japan;Maruha Nichiro Corporation
Net Income;7,135,000;12,537,000;16,695,000;16,102,000;1333.T;Food;Japan;Maruha Nichiro Corporation
Net Income available to common shareholders;7,135,000;12,537,000;16,695,000;16,102,000;1333.T;Food;Japan;Maruha Nichiro Corporation
Total Revenue;64,966,000;64,760,000;63,911,000;57,491,000;TSCO.L;Food;United Kingdom;Tesco
Cost of Revenue;60,215,000;60,180,000;59,767,000;54,141,000;TSCO.L;Food;United Kingdom;Tesco
Gross Profit;4,751,000;4,580,000;4,144,000;3,350,000;TSCO.L;Food;United Kingdom;Tesco
Operating Expenses;;;;;TSCO.L;Food;United Kingdom;Tesco
Selling General and Administrative;1,911,000;1,884,000;1,989,000;1,786,000;TSCO.L;Food;United Kingdom;Tesco
Total Operating Expenses;2,044,000;2,019,000;2,067,000;1,786,000;TSCO.L;Food;United Kingdom;Tesco
Operating Income or Loss;2,707,000;2,561,000;2,077,000;1,564,000;TSCO.L;Food;United Kingdom;Tesco
Interest Expense;750,000;778,000;294,000;431,000;TSCO.L;Food;United Kingdom;Tesco
Income Before Tax;1,438,000;1,315,000;1,674,000;1,298,000;TSCO.L;Food;United Kingdom;Tesco
Income Tax Expense;401,000;380,000;354,000;306,000;TSCO.L;Food;United Kingdom;Tesco
Income from Continuing Operations;1,037,000;935,000;1,320,000;992,000;TSCO.L;Food;United Kingdom;Tesco
Net Income;1,107,000;971,000;1,322,000;1,206,000;TSCO.L;Food;United Kingdom;Tesco
Net Income available to common shareholders;1,107,000;971,000;1,322,000;1,206,000;TSCO.L;Food;United Kingdom;Tesco
Total Revenue;559,151,000;559,151,000;523,964,000;514,405,000;WMT;Food;United States;Walmart
Cost of Revenue;420,315,000;420,315,000;394,605,000;385,301,000;WMT;Food;United States;Walmart
Gross Profit;138,836,000;138,836,000;129,359,000;129,104,000;WMT;Food;United States;Walmart
Operating Expenses;;;;;WMT;Food;United States;Walmart
Selling General and Administrative;116,288,000;116,288,000;108,791,000;107,147,000;WMT;Food;United States;Walmart
Total Operating Expenses;116,288,000;116,288,000;108,791,000;107,147,000;WMT;Food;United States;Walmart
Operating Income or Loss;22,548,000;22,548,000;20,568,000;21,957,000;WMT;Food;United States;Walmart
Interest Expense;2,315,000;2,315,000;2,599,000;2,346,000;WMT;Food;United States;Walmart
Total Other Income/Expenses Net;210,000;210,000;1,958,000;-8,368,000;WMT;Food;United States;Walmart
Income Before Tax;20,564,000;20,564,000;20,116,000;11,460,000;WMT;Food;United States;Walmart
Income Tax Expense;6,858,000;6,858,000;4,915,000;4,281,000;WMT;Food;United States;Walmart
Income from Continuing Operations;13,706,000;13,706,000;15,201,000;7,179,000;WMT;Food;United States;Walmart
Net Income;13,510,000;13,510,000;14,881,000;6,670,000;WMT;Food;United States;Walmart
Net Income available to common shareholders;13,510,000;13,510,000;14,881,000;6,670,000;WMT;Food;United States;Walmart
Total Revenue;50,526,794;50,526,794;42,640,519;44,497,706;F34.SI;Food;Singapore;Wilmar International
Cost of Revenue;44,929,244;44,929,244;38,154,443;40,102,950;F34.SI;Food;Singapore;Wilmar International
Gross Profit;5,597,550;5,597,550;4,486,076;4,394,756;F34.SI;Food;Singapore;Wilmar International
Operating Expenses;;;;;F34.SI;Food;Singapore;Wilmar International
Selling General and Administrative;3,473,155;3,473,155;2,674,109;2,633,491;F34.SI;Food;Singapore;Wilmar International
Total Operating Expenses;3,315,029;3,315,029;2,557,129;2,582,972;F34.SI;Food;Singapore;Wilmar International
Operating Income or Loss;2,282,521;2,282,521;1,928,947;1,811,784;F34.SI;Food;Singapore;Wilmar International
Interest Expense;660,216;660,216;922,669;851,213;F34.SI;Food;Singapore;Wilmar International
Income Before Tax;2,311,062;2,311,062;1,698,479;1,617,391;F34.SI;Food;Singapore;Wilmar International
Income Tax Expense;620,088;620,088;371,533;349,793;F34.SI;Food;Singapore;Wilmar International
Income from Continuing Operations;1,690,974;1,690,974;1,326,946;1,267,598;F34.SI;Food;Singapore;Wilmar International
Net Income;1,534,110;1,534,110;1,293,396;1,128,002;F34.SI;Food;Singapore;Wilmar International
Net Income available to common shareholders;1,534,110;1,534,110;1,293,396;1,128,002;F34.SI;Food;Singapore;Wilmar International
Total Revenue;33,247,000;30,753,000;27,818,000;66,594,000;WES.AX;Food;Australia;Wesfarmers
Cost of Revenue;20,762,000;19,307,000;17,240,000;45,718,000;WES.AX;Food;Australia;Wesfarmers
Gross Profit;12,485,000;11,446,000;10,578,000;20,876,000;WES.AX;Food;Australia;Wesfarmers
Operating Expenses;;;;;WES.AX;Food;Australia;Wesfarmers
Selling General and Administrative;6,765,000;6,357,000;6,879,000;14,147,000;WES.AX;Food;Australia;Wesfarmers
Total Operating Expenses;9,150,000;8,752,000;8,174,000;17,063,000;WES.AX;Food;Australia;Wesfarmers
Operating Income or Loss;3,335,000;2,694,000;2,404,000;3,813,000;WES.AX;Food;Australia;Wesfarmers
Interest Expense;124,000;133,000;175,000;211,000;WES.AX;Food;Australia;Wesfarmers
Total Other Income/Expenses Net;-83,000;40,000;544,000;234,000;WES.AX;Food;Australia;Wesfarmers
Income Before Tax;2,791,000;2,374,000;2,799,000;3,850,000;WES.AX;Food;Australia;Wesfarmers
Income Tax Expense;906,000;752,000;859,000;1,246,000;WES.AX;Food;Australia;Wesfarmers
Income from Continuing Operations;1,885,000;1,622,000;1,940,000;2,604,000;WES.AX;Food;Australia;Wesfarmers
Net Income;1,877,000;1,697,000;5,510,000;1,197,000;WES.AX;Food;Australia;Wesfarmers
Net Income available to common shareholders;1,877,000;1,697,000;5,510,000;1,197,000;WES.AX;Food;Australia;Wesfarmers
Total Revenue;270,204,212;270,204,212;204,523,575;181,680,244;JBSS3.SA;Food;Brazil;JBS S.A.
Cost of Revenue;224,985,889;224,985,889;172,577,224;155,340,054;JBSS3.SA;Food;Brazil;JBS S.A.
Gross Profit;45,218,323;45,218,323;31,946,351;26,340,190;JBSS3.SA;Food;Brazil;JBS S.A.
Operating Expenses;;;;;JBSS3.SA;Food;Brazil;JBS S.A.
Selling General and Administrative;18,003,895;18,003,895;12,728,495;11,339,844;JBSS3.SA;Food;Brazil;JBS S.A.
Total Operating Expenses;24,768,707;24,768,707;18,929,690;19,729,603;JBSS3.SA;Food;Brazil;JBS S.A.
Operating Income or Loss;20,449,616;20,449,616;13,016,661;6,610,587;JBSS3.SA;Food;Brazil;JBS S.A.
Interest Expense;4,770,269;4,770,269;4,532,120;3,935,177;JBSS3.SA;Food;Brazil;JBS S.A.
Income Before Tax;8,264,192;8,264,192;7,497,800;-1,098,358;JBSS3.SA;Food;Brazil;JBS S.A.
Income Tax Expense;3,609,243;3,609,243;1,032,946;-1,308,474;JBSS3.SA;Food;Brazil;JBS S.A.
Income from Continuing Operations;4,654,949;4,654,949;6,464,854;210,116;JBSS3.SA;Food;Brazil;JBS S.A.
Net Income;4,598,311;4,598,311;6,068,368;25,199;JBSS3.SA;Food;Brazil;JBS S.A.
Net Income available to common shareholders;4,598,311;4,598,311;6,068,368;25,199;JBSS3.SA;Food;Brazil;JBS S.A.
Total Revenue;32,647,000;32,647,000;39,431,000;40,827,000;MG.TO;Manufacturing;Canada;Magna International
Cost of Revenue;28,207,000;28,207,000;34,022,000;35,055,000;MG.TO;Manufacturing;Canada;Magna International
Gross Profit;4,440,000;4,440,000;5,409,000;5,772,000;MG.TO;Manufacturing;Canada;Magna International
Operating Expenses;;;;;MG.TO;Manufacturing;Canada;Magna International
Selling General and Administrative;1,587,000;1,587,000;1,697,000;1,664,000;MG.TO;Manufacturing;Canada;Magna International
Total Operating Expenses;2,953,000;2,953,000;3,042,000;2,942,000;MG.TO;Manufacturing;Canada;Magna International
Operating Income or Loss;1,487,000;1,487,000;2,367,000;2,830,000;MG.TO;Manufacturing;Canada;Magna International
Interest Expense;105,000;105,000;104,000;113,000;MG.TO;Manufacturing;Canada;Magna International
Total Other Income/Expenses Net;-395,000;-395,000;-62,000;214,000;MG.TO;Manufacturing;Canada;Magna International
Income Before Tax;1,006,000;1,006,000;2,223,000;2,951,000;MG.TO;Manufacturing;Canada;Magna International
Income Tax Expense;329,000;329,000;591,000;619,000;MG.TO;Manufacturing;Canada;Magna International
Income from Continuing Operations;677,000;677,000;1,632,000;2,332,000;MG.TO;Manufacturing;Canada;Magna International
Net Income;757,000;757,000;1,765,000;2,296,000;MG.TO;Manufacturing;Canada;Magna International
Net Income available to common shareholders;757,000;757,000;1,765,000;2,296,000;MG.TO;Manufacturing;Canada;Magna International
Total Revenue;43,474,000;43,474,000;55,537,000;57,419,000;RNO.PA;Manufacturing;France;Renault
Cost of Revenue;36,257,000;36,257,000;44,665,000;45,417,000;RNO.PA;Manufacturing;France;Renault
Gross Profit;7,217,000;7,217,000;10,872,000;12,002,000;RNO.PA;Manufacturing;France;Renault
Operating Expenses;;;;;RNO.PA;Manufacturing;France;Renault
Research Development;2,569,000;2,569,000;2,658,000;2,598,000;RNO.PA;Manufacturing;France;Renault
Selling General and Administrative;4,985,000;4,985,000;5,552,000;5,792,000;RNO.PA;Manufacturing;France;Renault
Total Operating Expenses;7,554,000;7,554,000;8,210,000;8,390,000;RNO.PA;Manufacturing;France;Renault
Operating Income or Loss;-337,000;-337,000;2,662,000;3,612,000;RNO.PA;Manufacturing;France;Renault
Interest Expense;371,000;371,000;414,000;479,000;RNO.PA;Manufacturing;France;Renault
Income Before Tax;-7,626,000;-7,626,000;1,473,000;4,174,000;RNO.PA;Manufacturing;France;Renault
Income Tax Expense;420,000;420,000;1,454,000;723,000;RNO.PA;Manufacturing;France;Renault
Income from Continuing Operations;-8,046,000;-8,046,000;19,000;3,451,000;RNO.PA;Manufacturing;France;Renault
Net Income;-8,008,000;-8,008,000;-140,000;3,302,000;RNO.PA;Manufacturing;France;Renault
Net Income available to common shareholders;-8,008,000;-8,008,000;-140,000;3,302,000;RNO.PA;Manufacturing;France;Renault
Total Revenue;57,535,000;57,139,000;86,849,000;83,044,000;SIE.DE;Manufacturing;Germany;Siemens
Cost of Revenue;37,016,000;36,953,000;60,922,000;58,181,000;SIE.DE;Manufacturing;Germany;Siemens
Gross Profit;20,519,000;20,187,000;25,927,000;24,863,000;SIE.DE;Manufacturing;Germany;Siemens
Operating Expenses;;;;;SIE.DE;Manufacturing;Germany;Siemens
Research Development;4,541,000;4,601,000;5,670,000;5,558,000;SIE.DE;Manufacturing;Germany;Siemens
Selling General and Administrative;10,392,000;10,774,000;13,345,000;12,941,000;SIE.DE;Manufacturing;Germany;Siemens
Total Operating Expenses;15,397,000;15,632,000;19,235,000;18,951,000;SIE.DE;Manufacturing;Germany;Siemens
Operating Income or Loss;5,122,000;4,555,000;6,692,000;5,912,000;SIE.DE;Manufacturing;Germany;Siemens
Interest Expense;840,000;815,000;1,129,000;1,089,000;SIE.DE;Manufacturing;Germany;Siemens
Income Before Tax;6,180,000;5,672,000;7,518,000;8,050,000;SIE.DE;Manufacturing;Germany;Siemens
Income Tax Expense;1,602,000;1,382,000;1,872,000;2,054,000;SIE.DE;Manufacturing;Germany;Siemens
Income from Continuing Operations;4,577,000;4,290,000;5,646,000;5,996,000;SIE.DE;Manufacturing;Germany;Siemens
Net Income;4,326,000;4,030,000;5,174,000;5,807,000;SIE.DE;Manufacturing;Germany;Siemens
Net Income available to common shareholders;4,326,000;4,030,000;5,174,000;5,807,000;SIE.DE;Manufacturing;Germany;Siemens
Total Revenue;13,410,000;13,410,000;13,784,000;12,240,000;LDO.MI;Manufacturing;Italy;Leonardo S.p.A.
Cost of Revenue;11,984,000;11,984,000;12,136,000;11,156,000;LDO.MI;Manufacturing;Italy;Leonardo S.p.A.
Gross Profit;1,426,000;1,426,000;1,648,000;1,084,000;LDO.MI;Manufacturing;Italy;Leonardo S.p.A.
Operating Expenses;;;;;LDO.MI;Manufacturing;Italy;Leonardo S.p.A.
Total Operating Expenses;620,000;620,000;552,000;567,000;LDO.MI;Manufacturing;Italy;Leonardo S.p.A.
Operating Income or Loss;806,000;806,000;1,096,000;517,000;LDO.MI;Manufacturing;Italy;Leonardo S.p.A.
Interest Expense;170,000;170,000;193,000;189,000;LDO.MI;Manufacturing;Italy;Leonardo S.p.A.
Income Before Tax;253,000;253,000;869,000;485,000;LDO.MI;Manufacturing;Italy;Leonardo S.p.A.
Income Tax Expense;12,000;12,000;147,000;64,000;LDO.MI;Manufacturing;Italy;Leonardo S.p.A.
Income from Continuing Operations;239,000;239,000;721,000;421,000;LDO.MI;Manufacturing;Italy;Leonardo S.p.A.
Net Income;241,000;241,000;821,000;509,000;LDO.MI;Manufacturing;Italy;Leonardo S.p.A.
Net Income available to common shareholders;241,000;241,000;821,000;509,000;LDO.MI;Manufacturing;Italy;Leonardo S.p.A.
Total Revenue;8,527,681,000;8,259,885,000;8,665,687,000;8,543,982,000;SONY;Manufacturing;Japan;Sony
Cost of Revenue;6,154,973,000;5,925,049,000;6,263,196,000;6,230,422,000;SONY;Manufacturing;Japan;Sony
Gross Profit;2,372,708,000;2,334,836,000;2,402,491,000;2,313,560,000;SONY;Manufacturing;Japan;Sony
Operating Expenses;;;;;SONY;Manufacturing;Japan;Sony
Selling General and Administrative;1,437,818,000;1,502,625,000;1,576,825,000;1,583,197,000;SONY;Manufacturing;Japan;Sony
Total Operating Expenses;1,445,344,000;1,502,625,000;1,576,825,000;1,583,197,000;SONY;Manufacturing;Japan;Sony
Operating Income or Loss;927,364,000;832,211,000;825,666,000;730,363,000;SONY;Manufacturing;Japan;Sony
Interest Expense;9,562,000;11,090,000;12,467,000;13,566,000;SONY;Manufacturing;Japan;Sony
Total Other Income/Expenses Net;163,380,000;-40,949,000;176,831,000;-37,532,000;SONY;Manufacturing;Japan;Sony
Income Before Tax;1,092,911,000;799,450,000;1,011,648,000;699,049,000;SONY;Manufacturing;Japan;Sony
Income Tax Expense;-7,085,000;177,190,000;45,098,000;151,770,000;SONY;Manufacturing;Japan;Sony
Income from Continuing Operations;1,099,996,000;622,260,000;966,550,000;547,279,000;SONY;Manufacturing;Japan;Sony
Net Income;1,077,420,000;582,191,000;916,271,000;490,794,000;SONY;Manufacturing;Japan;Sony
Net Income available to common shareholders;1,077,420,000;582,191,000;916,271,000;490,794,000;SONY;Manufacturing;Japan;Sony
Total Revenue;44,611,000;44,611,000;43,165,000;40,522,000;RIO;Manufacturing;United Kingdom;Rio Tinto Group
Cost of Revenue;15,485,000;15,485,000;16,412,000;16,559,000;RIO;Manufacturing;United Kingdom;Rio Tinto Group
Gross Profit;29,126,000;29,126,000;26,753,000;23,963,000;RIO;Manufacturing;United Kingdom;Rio Tinto Group
Operating Expenses;;;;;RIO;Manufacturing;United Kingdom;Rio Tinto Group
Research Development;45,000;45,000;45,000;45,000;RIO;Manufacturing;United Kingdom;Rio Tinto Group
Selling General and Administrative;2,088,000;2,088,000;2,257,000;2,580,000;RIO;Manufacturing;United Kingdom;Rio Tinto Group
Total Operating Expenses;11,044,000;11,044,000;11,540,000;11,578,600;RIO;Manufacturing;United Kingdom;Rio Tinto Group
Operating Income or Loss;18,082,000;18,082,000;15,213,000;12,384,400;RIO;Manufacturing;United Kingdom;Rio Tinto Group
Interest Expense;648,000;648,000;550,000;481,000;RIO;Manufacturing;United Kingdom;Rio Tinto Group
Income Before Tax;15,391,000;15,391,000;11,119,000;18,167,000;RIO;Manufacturing;United Kingdom;Rio Tinto Group
Income Tax Expense;4,991,000;4,991,000;4,147,000;4,242,000;RIO;Manufacturing;United Kingdom;Rio Tinto Group
Income from Continuing Operations;10,400,000;10,400,000;6,972,000;13,925,000;RIO;Manufacturing;United Kingdom;Rio Tinto Group
Net Income;9,769,000;9,769,000;8,010,000;13,638,000;RIO;Manufacturing;United Kingdom;Rio Tinto Group
Net Income available to common shareholders;9,769,000;9,769,000;8,010,000;13,638,000;RIO;Manufacturing;United Kingdom;Rio Tinto Group
Total Revenue;36,740,000;35,259,000;38,941,000;37,021,300;DE;Manufacturing;United States;John Deere
Cost of Revenue;25,775,000;25,112,000;28,486,000;26,985,800;DE;Manufacturing;United States;John Deere
Gross Profit;10,965,000;10,147,000;10,455,000;10,035,500;DE;Manufacturing;United States;John Deere
Operating Expenses;;;;;DE;Manufacturing;United States;John Deere
Research Development;1,585,000;1,644,000;1,783,000;1,657,600;DE;Manufacturing;United States;John Deere
Selling General and Administrative;3,637,000;3,677,000;3,694,000;3,630,500;DE;Manufacturing;United States;John Deere
Total Operating Expenses;6,149,000;6,290,000;6,392,000;5,979,100;DE;Manufacturing;United States;John Deere
Operating Income or Loss;4,816,000;3,857,000;4,063,000;4,056,400;DE;Manufacturing;United States;John Deere
Total Other Income/Expenses Net;-;26,000;25,000;14,000;DE;Manufacturing;United States;John Deere
Income Before Tax;4,842,000;3,883,000;4,088,000;4,070,700;DE;Manufacturing;United States;John Deere
Income Tax Expense;1,340,000;1,082,000;852,000;1,726,900;DE;Manufacturing;United States;John Deere
Income from Continuing Operations;3,459,000;2,753,000;3,257,000;2,370,600;DE;Manufacturing;United States;John Deere
Net Income;3,458,000;2,751,000;3,253,000;2,368,400;DE;Manufacturing;United States;John Deere
Net Income available to common shareholders;3,458,000;2,751,000;3,253,000;2,368,000;DE;Manufacturing;United States;John Deere
Total Revenue;23,342,870;24,209,870;26,210,511;25,441,131;FLEX;Manufacturing;Singapore;FLEX
Cost of Revenue;21,799,914;22,871,914;24,692,736;23,845,249;FLEX;Manufacturing;Singapore;FLEX
Gross Profit;1,542,956;1,337,956;1,517,775;1,595,882;FLEX;Manufacturing;Singapore;FLEX
Operating Expenses;;;;;FLEX;Manufacturing;Singapore;FLEX
Selling General and Administrative;807,105;834,105;953,077;1,019,399;FLEX;Manufacturing;Singapore;FLEX
Total Operating Expenses;869,211;898,211;1,027,473;1,098,039;FLEX;Manufacturing;Singapore;FLEX
Operating Income or Loss;673,745;439,745;490,302;497,843;FLEX;Manufacturing;Singapore;FLEX
Interest Expense;50,978;145,978;145,658;122,823;FLEX;Manufacturing;Singapore;FLEX
Total Other Income/Expenses Net;-142,664;-154,664;-182,014;145,873;FLEX;Manufacturing;Singapore;FLEX
Income Before Tax;499,485;158,485;182,126;520,893;FLEX;Manufacturing;Singapore;FLEX
Income Tax Expense;77,906;70,906;88,727;92,359;FLEX;Manufacturing;Singapore;FLEX
Income from Continuing Operations;421,579;87,579;93,399;428,534;FLEX;Manufacturing;Singapore;FLEX
Net Income;421,579;87,579;93,399;428,534;FLEX;Manufacturing;Singapore;FLEX
Net Income available to common shareholders;421,579;87,579;93,399;428,534;FLEX;Manufacturing;Singapore;FLEX
Total Revenue;46,276,000;42,931,000;44,288,000;43,638,000;BHP.AX;Manufacturing;Australia;BHP
Cost of Revenue;16,838,000;16,838,000;16,730,000;17,204,000;BHP.AX;Manufacturing;Australia;BHP
Gross Profit;26,093,000;26,093,000;27,558,000;26,434,000;BHP.AX;Manufacturing;Australia;BHP
Operating Expenses;;;;;BHP.AX;Manufacturing;Australia;BHP
Selling General and Administrative;4,730,000;4,730,000;4,437,000;4,411,000;BHP.AX;Manufacturing;Australia;BHP
Total Operating Expenses;12,954,000;11,336,000;10,804,000;10,592,000;BHP.AX;Manufacturing;Australia;BHP
Operating Income or Loss;16,484,000;14,757,000;16,754,000;15,842,000;BHP.AX;Manufacturing;Australia;BHP
Interest Expense;631,000;881,000;1,565,000;1,443,000;BHP.AX;Manufacturing;Australia;BHP
Total Other Income/Expenses Net;-184,000;470,000;-567,000;109,000;BHP.AX;Manufacturing;Australia;BHP
Income Before Tax;14,546,000;13,510,000;15,049,000;14,751,000;BHP.AX;Manufacturing;Australia;BHP
Income Tax Expense;6,172,000;4,774,000;5,529,000;7,007,000;BHP.AX;Manufacturing;Australia;BHP
Income from Continuing Operations;8,374,000;8,736,000;9,520,000;7,744,000;BHP.AX;Manufacturing;Australia;BHP
Net Income;6,964,000;7,956,000;8,306,000;3,705,000;BHP.AX;Manufacturing;Australia;BHP
Net Income available to common shareholders;6,964,000;7,956,000;8,306,000;3,705,000;BHP.AX;Manufacturing;Australia;BHP
Total Revenue;40,018,000;40,018,000;37,570,000;36,575,000;VALE;Manufacturing;Brazil;Vale
Cost of Revenue;19,039,000;19,039,000;21,187,000;22,109,000;VALE;Manufacturing;Brazil;Vale
Gross Profit;20,979,000;20,979,000;16,383,000;14,466,000;VALE;Manufacturing;Brazil;Vale
Operating Expenses;;;;;VALE;Manufacturing;Brazil;Vale
Research Development;443,000;443,000;443,000;373,000;VALE;Manufacturing;Brazil;Vale
Selling General and Administrative;620,000;620,000;520,000;648,000;VALE;Manufacturing;Brazil;Vale
Total Operating Expenses;2,611,000;2,611,000;2,541,000;1,612,000;VALE;Manufacturing;Brazil;Vale
Operating Income or Loss;18,368,000;18,368,000;13,842,000;12,854,000;VALE;Manufacturing;Brazil;Vale
Interest Expense;2,439,000;2,439,000;2,554,000;1,743,000;VALE;Manufacturing;Brazil;Vale
Total Other Income/Expenses Net;-10,192,000;-10,192,000;-12,674,000;-3,417,000;VALE;Manufacturing;Brazil;Vale
Income Before Tax;4,969,000;4,969,000;-2,775,000;6,816,000;VALE;Manufacturing;Brazil;Vale
Income Tax Expense;438,000;438,000;-595,000;-172,000;VALE;Manufacturing;Brazil;Vale
Income from Continuing Operations;4,531,000;4,531,000;-2,180,000;6,988,000;VALE;Manufacturing;Brazil;Vale
Net Income;4,881,000;4,881,000;-1,683,000;6,860,000;VALE;Manufacturing;Brazil;Vale
Net Income available to common shareholders;4,881,000;4,881,000;-1,683,000;6,860,000;VALE;Manufacturing;Brazil;Vale
