Breakdown;ttm;2021-01-31;2020-10-31;2020-07-31;2020-04-30;Company_Code;Industry;Country;Company_Name
Total Revenue;47,208,000;12,918,000;11,072,000;12,900,000;10,318,000;RY.TO;Finance;Canada;RBC
Interest Expense;11,232,000;2,201,000;2,453,000;2,817,000;3,761,000;RY.TO;Finance;Canada;RBC
Income Before Tax;14,849,000;4,885,000;4,146,000;4,080,000;1,738,000;RY.TO;Finance;Canada;RBC
Income Tax Expense;3,074,000;1,038,000;900,000;879,000;257,000;RY.TO;Finance;Canada;RBC
Income from Continuing Operations;11,775,000;3,847,000;3,246,000;3,201,000;1,481,000;RY.TO;Finance;Canada;RBC
Net Income;11,773,000;3,845,000;3,247,000;3,197,000;1,484,000;RY.TO;Finance;Canada;RBC
Net Income available to common shareholders;11,512,000;3,787,000;3,173,000;3,132,000;1,420,000;RY.TO;Finance;Canada;RBC
Total Revenue;23,889,000;5,461,000;5,928,000;6,297,000;6,203,000;DB;Finance;Germany;Deutsche Bank
Interest Expense;6,405,000;1,337,000;1,406,000;1,426,000;2,230,000;DB;Finance;Germany;Deutsche Bank
Income Before Tax;1,003,000;222,000;494,000;213,000;74,000;DB;Finance;Germany;Deutsche Bank
Income Tax Expense;391,000;7,000;177,000;129,000;78,000;DB;Finance;Germany;Deutsche Bank
Income from Continuing Operations;612,000;215,000;317,000;84,000;-4,000;DB;Finance;Germany;Deutsche Bank
Net Income;483,000;173,000;286,000;51,000;-27,000;DB;Finance;Germany;Deutsche Bank
Net Income available to common shareholders;135,000;460,000;191,000;-53,000;-27,000;DB;Finance;Germany;Deutsche Bank
Total Revenue;32,686,000;6,812,000;11,526,000;7,104,000;7,244,000;ISP.MI;Finance;Italy;Intesa Sanpaolo
Operating Expenses;;;;;;ISP.MI;Finance;Italy;Intesa Sanpaolo
Selling General and Administrative;2,954,000;-207,000;1,219,000;918,000;1,024,000;ISP.MI;Finance;Italy;Intesa Sanpaolo
Total Operating Expenses;27,593,000;10,581,000;6,559,000;5,161,000;5,292,000;ISP.MI;Finance;Italy;Intesa Sanpaolo
Interest Expense;3,778,000;1,948,000;558,000;586,000;686,000;ISP.MI;Finance;Italy;Intesa Sanpaolo
Income Before Tax;2,208,000;-3,878,000;3,995,000;527,000;1,564,000;ISP.MI;Finance;Italy;Intesa Sanpaolo
Income Tax Expense;59,000;-791,000;182,000;229,000;439,000;ISP.MI;Finance;Italy;Intesa Sanpaolo
Income from Continuing Operations;2,149,000;-3,087,000;3,813,000;298,000;1,125,000;ISP.MI;Finance;Italy;Intesa Sanpaolo
Net Income;3,277,000;-3,099,000;3,810,000;1,415,000;1,151,000;ISP.MI;Finance;Italy;Intesa Sanpaolo
Net Income available to common shareholders;3,277,000;-3,099,000;3,810,000;1,415,000;1,151,000;ISP.MI;Finance;Italy;Intesa Sanpaolo
Total Revenue;50,429,000;11,757,000;11,927,000;13,059,000;13,686,000;HSBC;Finance;United Kingdom;HSBC
Operating Expenses;;;;;;HSBC;Finance;United Kingdom;HSBC
Selling General and Administrative;11,115,000;-;-;-;-;HSBC;Finance;United Kingdom;HSBC
Total Operating Expenses;34,391,000;11,184,000;7,968,000;8,634,000;7,852,000;HSBC;Finance;United Kingdom;HSBC
Interest Expense;14,178,000;-;-;-;-;HSBC;Finance;United Kingdom;HSBC
Income Before Tax;8,777,000;1,385,000;3,074,000;1,089,000;3,229,000;HSBC;Finance;United Kingdom;HSBC
Income Tax Expense;2,678,000;450,000;1,035,000;472,000;721,000;HSBC;Finance;United Kingdom;HSBC
Income from Continuing Operations;6,099,000;935,000;2,039,000;617,000;2,508,000;HSBC;Finance;United Kingdom;HSBC
Net Income;5,229,000;760,000;1,830,000;391,000;2,248,000;HSBC;Finance;United Kingdom;HSBC
Net Income available to common shareholders;3,898,000;562,000;1,359,000;192,000;1,785,000;HSBC;Finance;United Kingdom;HSBC
Total Revenue;119,543,000;29,224,000;29,147,000;32,980,000;28,251,000;JPM;Finance;United States;JPMorgan Chase
Interest Expense;9,960,000;1,292,000;1,687,000;2,259,000;4,722,000;JPM;Finance;United States;JPMorgan Chase
Income Before Tax;35,407,000;15,065,000;11,661,000;5,565,000;3,116,000;JPM;Finance;United States;JPMorgan Chase
Income Tax Expense;6,276,000;2,929,000;2,218,000;878,000;251,000;JPM;Finance;United States;JPMorgan Chase
Income from Continuing Operations;29,131,000;12,136,000;9,443,000;4,687,000;2,865,000;JPM;Finance;United States;JPMorgan Chase
Net Income;29,131,000;12,136,000;9,443,000;4,687,000;2,865,000;JPM;Finance;United States;JPMorgan Chase
Net Income available to common shareholders;27,410,000;11,698,000;9,015,000;4,265,000;2,431,000;JPM;Finance;United States;JPMorgan Chase
Total Revenue;14,584,000;5,566,000;2,779,000;3,045,000;4,026,000;D05.SI;Finance;Singapore;DBS Bank
Operating Expenses;;;;;;D05.SI;Finance;Singapore;DBS Bank
Selling General and Administrative;1,093,000;-;-;-;-;D05.SI;Finance;Singapore;DBS Bank
Total Operating Expenses;6,158,000;1,580,000;1,539,000;1,483,000;1,556,000;D05.SI;Finance;Singapore;DBS Bank
Interest Expense;3,132,000;-;-;-;-;D05.SI;Finance;Singapore;DBS Bank
Income Before Tax;5,368,000;1,106,000;1,484,000;1,394,000;1,384,000;D05.SI;Finance;Singapore;DBS Bank
Income Tax Expense;612,000;-;-;-;-;D05.SI;Finance;Singapore;DBS Bank
Income from Continuing Operations;4,756,000;1,047,000;1,297,000;1,247,000;1,165,000;D05.SI;Finance;Singapore;DBS Bank
Net Income;4,721,000;1,012,000;1,297,000;1,247,000;1,165,000;D05.SI;Finance;Singapore;DBS Bank
Net Income available to common shareholders;4,606,000;897,000;1,297,000;1,247,000;1,165,000;D05.SI;Finance;Singapore;DBS Bank
Total Revenue;95,634,000;36,387,000;24,344,000;22,314,000;12,137,000;ITUB;Finance;Brazil;Banco Itaú Unibanco
Interest Expense;73,558,000;10,639,000;11,832,000;21,343,000;29,744,000;ITUB;Finance;Brazil;Banco Itaú Unibanco
Income Before Tax;5,230,000;13,891,000;4,861,000;-4,235,000;-9,287,000;ITUB;Finance;Brazil;Banco Itaú Unibanco
Income Tax Expense;-9,834,000;5,701,000;-238,000;-2,332,000;-12,965,000;ITUB;Finance;Brazil;Banco Itaú Unibanco
Income from Continuing Operations;15,064,000;8,190,000;5,099,000;-1,903,000;3,678,000;ITUB;Finance;Brazil;Banco Itaú Unibanco
Net Income;18,896,000;8,982,000;4,732,000;1,723,000;3,459,000;ITUB;Finance;Brazil;Banco Itaú Unibanco
Net Income available to common shareholders;18,896,000;8,982,000;4,732,000;1,723,000;1,759,000;ITUB;Finance;Brazil;Banco Itaú Unibanco
Total Revenue;13,819,000;3,656,000;3,409,000;3,209,000;3,545,000;CNR.TO;Tourism;Canada;Canadian National Railway
Cost of Revenue;8,048,000;2,122,000;1,929,000;1,819,000;2,178,000;CNR.TO;Tourism;Canada;Canadian National Railway
Gross Profit;5,771,000;1,534,000;1,480,000;1,390,000;1,367,000;CNR.TO;Tourism;Canada;Canadian National Railway
Operating Expenses;;;;;;CNR.TO;Tourism;Canada;Canadian National Railway
Total Operating Expenses;9,042,000;9,042,000;0;0;0;CNR.TO;Tourism;Canada;Canadian National Railway
Operating Income or Loss;-3,271,000;-7,508,000;1,480,000;1,390,000;1,367,000;CNR.TO;Tourism;Canada;Canadian National Railway
Interest Expense;554,000;134,000;137,000;144,000;139,000;CNR.TO;Tourism;Canada;Canadian National Railway
Total Other Income/Expenses Net;-673,000;-45,000;-36,000;-529,000;-63,000;CNR.TO;Tourism;Canada;Canadian National Railway
Income Before Tax;4,544,000;1,355,000;1,307,000;717,000;1,165,000;CNR.TO;Tourism;Canada;Canadian National Railway
Income Tax Expense;982,000;334,000;322,000;172,000;154,000;CNR.TO;Tourism;Canada;Canadian National Railway
Income from Continuing Operations;3,562,000;1,021,000;985,000;545,000;1,011,000;CNR.TO;Tourism;Canada;Canadian National Railway
Net Income;3,562,000;1,021,000;985,000;545,000;1,011,000;CNR.TO;Tourism;Canada;Canadian National Railway
Net Income available to common shareholders;3,562,000;1,021,000;985,000;545,000;1,011,000;CNR.TO;Tourism;Canada;Canadian National Railway
Total Revenue;66,806,000;19,116,000;16,244,000;15,959,000;15,487,000;DPW.DE;Tourism;Germany;Deutsche Post
Cost of Revenue;55,033,000;11,946,000;14,397,000;14,451,000;14,239,000;DPW.DE;Tourism;Germany;Deutsche Post
Gross Profit;11,773,000;7,170,000;1,847,000;1,508,000;1,248,000;DPW.DE;Tourism;Germany;Deutsche Post
Operating Expenses;;;;;;DPW.DE;Tourism;Germany;Deutsche Post
Selling General and Administrative;1,088,000;-;-;-;-;DPW.DE;Tourism;Germany;Deutsche Post
Total Operating Expenses;7,227,000;5,536,000;471,000;565,000;655,000;DPW.DE;Tourism;Germany;Deutsche Post
Operating Income or Loss;4,546,000;1,634,000;1,376,000;943,000;593,000;DPW.DE;Tourism;Germany;Deutsche Post
Interest Expense;634,000;9,000;209,000;209,000;207,000;DPW.DE;Tourism;Germany;Deutsche Post
Income Before Tax;4,171,000;1,779,000;1,194,000;757,000;441,000;DPW.DE;Tourism;Germany;Deutsche Post
Income Tax Expense;995,000;421,000;286,000;182,000;106,000;DPW.DE;Tourism;Germany;Deutsche Post
Income from Continuing Operations;3,176,000;1,358,000;908,000;575,000;335,000;DPW.DE;Tourism;Germany;Deutsche Post
Net Income;2,979,000;1,302,000;851,000;525,000;301,000;DPW.DE;Tourism;Germany;Deutsche Post
Net Income available to common shareholders;2,979,000;1,302,000;851,000;525,000;301,000;DPW.DE;Tourism;Germany;Deutsche Post
Total Revenue;830,000;26,000;33,000;31,000;740,000;CCL;Tourism;Italy;Costa Crociere
Cost of Revenue;5,257,000;535,000;689,000;1,549,000;2,484,000;CCL;Tourism;Italy;Costa Crociere
Gross Profit;-4,427,000;-509,000;-656,000;-1,518,000;-1,744,000;CCL;Tourism;Italy;Costa Crociere
Operating Expenses;;;;;;CCL;Tourism;Italy;Costa Crociere
Selling General and Administrative;1,662,000;462,000;443,000;265,000;492,000;CCL;Tourism;Italy;Costa Crociere
Total Operating Expenses;3,885,000;1,014,000;986,000;816,000;1,069,000;CCL;Tourism;Italy;Costa Crociere
Operating Income or Loss;-8,312,000;-1,523,000;-1,642,000;-2,334,000;-2,813,000;CCL;Tourism;Italy;Costa Crociere
Interest Expense;1,238,000;398,000;348,000;310,000;182,000;CCL;Tourism;Italy;Costa Crociere
Total Other Income/Expenses Net;-1,930,000;-61,000;-251,000;-221,000;-1,396,000;CCL;Tourism;Italy;Costa Crociere
Income Before Tax;-11,462,000;-1,979,000;-2,237,000;-2,861,000;-4,385,000;CCL;Tourism;Italy;Costa Crociere
Income Tax Expense;-34,000;-6,000;-15,000;-2,000;-11,000;CCL;Tourism;Italy;Costa Crociere
Income from Continuing Operations;-11,428,000;-1,973,000;-2,222,000;-2,859,000;-4,374,000;CCL;Tourism;Italy;Costa Crociere
Net Income;-11,428,000;-1,973,000;-2,222,000;-2,858,000;-4,374,000;CCL;Tourism;Italy;Costa Crociere
Net Income available to common shareholders;-11,428,000;-1,973,000;-2,222,000;-2,858,000;-4,374,000;CCL;Tourism;Italy;Costa Crociere
Total Revenue;642,250;194,352;175,973;100,445;173,436;GBT.TO;Tourism;Japan;JTB Corporation
Cost of Revenue;382,771;116,138;106,294;63,946;96,393;GBT.TO;Tourism;Japan;JTB Corporation
Gross Profit;259,479;78,214;69,679;36,499;77,043;GBT.TO;Tourism;Japan;JTB Corporation
Operating Expenses;;;;;;GBT.TO;Tourism;Japan;JTB Corporation
Selling General and Administrative;201,359;50,158;48,366;43,283;61,508;GBT.TO;Tourism;Japan;JTB Corporation
Total Operating Expenses;201,098;50,153;48,358;43,284;61,259;GBT.TO;Tourism;Japan;JTB Corporation
Operating Income or Loss;58,381;28,061;21,321;-6,785;15,784;GBT.TO;Tourism;Japan;JTB Corporation
Total Other Income/Expenses Net;-157;-20;4,205;-8,616;4,274;GBT.TO;Tourism;Japan;JTB Corporation
Income Before Tax;58,764;28,259;25,641;-15,343;20,207;GBT.TO;Tourism;Japan;JTB Corporation
Income Tax Expense;15,477;7,484;6,062;-2,916;4,847;GBT.TO;Tourism;Japan;JTB Corporation
Income from Continuing Operations;43,287;20,775;19,579;-12,427;15,360;GBT.TO;Tourism;Japan;JTB Corporation
Net Income;43,287;20,775;19,579;-12,427;15,360;GBT.TO;Tourism;Japan;JTB Corporation
Net Income available to common shareholders;43,287;20,775;19,579;-12,427;15,360;GBT.TO;Tourism;Japan;JTB Corporation
Total Revenue;4,561,000;468,100;1,233,300;71,800;2,787,900;TUI1.DE;Tourism;United Kingdom;Tui travel group
Cost of Revenue;7,058,000;902,900;1,971,500;983,600;3,199,900;TUI1.DE;Tourism;United Kingdom;Tui travel group
Gross Profit;-2,497,000;-434,800;-738,200;-911,800;-412,000;TUI1.DE;Tourism;United Kingdom;Tui travel group
Operating Expenses;;;;;;TUI1.DE;Tourism;United Kingdom;Tui travel group
Selling General and Administrative;128,700;193,100;-513,000;202,700;245,900;TUI1.DE;Tourism;United Kingdom;Tui travel group
Total Operating Expenses;1,016,400;193,300;286,300;202,700;244,300;TUI1.DE;Tourism;United Kingdom;Tui travel group
Operating Income or Loss;-3,513,400;-628,100;-1,024,500;-1,114,500;-656,300;TUI1.DE;Tourism;United Kingdom;Tui travel group
Interest Expense;379,300;143,500;98,900;56,100;80,800;TUI1.DE;Tourism;United Kingdom;Tui travel group
Income Before Tax;-3,902,700;-829,700;-862,200;-1,460,000;-751,000;TUI1.DE;Tourism;United Kingdom;Tui travel group
Income Tax Expense;-56,100;-16,600;-21,600;-7,400;-10,500;TUI1.DE;Tourism;United Kingdom;Tui travel group
Income from Continuing Operations;-3,846,800;-813,100;-840,600;-1,452,600;-740,500;TUI1.DE;Tourism;United Kingdom;Tui travel group
Net Income;-3,822,700;-802,900;-831,800;-1,424,400;-763,600;TUI1.DE;Tourism;United Kingdom;Tui travel group
Net Income available to common shareholders;-3,822,700;-802,900;-831,800;-1,424,400;-763,600;TUI1.DE;Tourism;United Kingdom;Tui travel group
Total Revenue;5,199,000;920,000;1,504,000;566,000;2,209,000;EXPE;Tourism;United States;Expedia Group
Cost of Revenue;1,680,000;287,000;375,000;389,000;629,000;EXPE;Tourism;United States;Expedia Group
Gross Profit;3,519,000;633,000;1,129,000;177,000;1,580,000;EXPE;Tourism;United States;Expedia Group
Operating Expenses;;;;;;EXPE;Tourism;United States;Expedia Group
Research Development;1,010,000;223,000;224,000;255,000;308,000;EXPE;Tourism;United States;Expedia Group
Selling General and Administrative;3,143,000;635,000;663,000;448,000;1,397,000;EXPE;Tourism;United States;Expedia Group
Total Operating Expenses;5,046,000;1,070,000;1,107,000;935,000;1,934,000;EXPE;Tourism;United States;Expedia Group
Operating Income or Loss;-1,527,000;-437,000;22,000;-758,000;-354,000;EXPE;Tourism;United States;Expedia Group
Interest Expense;360,000;102,000;113,000;95,000;50,000;EXPE;Tourism;United States;Expedia Group
Total Other Income/Expenses Net;-1,282,000;42,000;-136,000;-103,000;-1,085,000;EXPE;Tourism;United States;Expedia Group
Income Before Tax;-3,151,000;-495,000;-224,000;-953,000;-1,479,000;EXPE;Tourism;United States;Expedia Group
Income Tax Expense;-423,000;-104,000;-24,000;-213,000;-82,000;EXPE;Tourism;United States;Expedia Group
Income from Continuing Operations;-2,728,000;-391,000;-200,000;-740,000;-1,397,000;EXPE;Tourism;United States;Expedia Group
Net Income;-2,612,000;-383,000;-192,000;-736,000;-1,301,000;EXPE;Tourism;United States;Expedia Group
Net Income available to common shareholders;-2,687,000;-412,000;-221,000;-753,000;-1,301,000;EXPE;Tourism;United States;Expedia Group
Total Revenue;3,923,667;810,902;405,000;883,348;2,352,325;LTM.SN;Tourism;Brazil;LATAM Brasil
Cost of Revenue;4,513,200;990,429;798,870;785,811;1,927,278;LTM.SN;Tourism;Brazil;LATAM Brasil
Gross Profit;-589,533;-179,527;-393,870;97,537;425,047;LTM.SN;Tourism;Brazil;LATAM Brasil
Operating Expenses;;;;;;LTM.SN;Tourism;Brazil;LATAM Brasil
Selling General and Administrative;793,790;255,581;137,894;123,207;-;LTM.SN;Tourism;Brazil;LATAM Brasil
Total Operating Expenses;1,165,772;326,128;173,534;274,412;329,105;LTM.SN;Tourism;Brazil;LATAM Brasil
Operating Income or Loss;-1,755,305;-505,655;-567,404;-176,875;95,942;LTM.SN;Tourism;Brazil;LATAM Brasil
Interest Expense;530,631;176,365;107,984;123,065;127,354;LTM.SN;Tourism;Brazil;LATAM Brasil
Total Other Income/Expenses Net;-2,813,808;-504,958;-62,089;-418,263;-1,896,501;LTM.SN;Tourism;Brazil;LATAM Brasil
Income Before Tax;-5,105,723;-1,218,706;-714,902;-1,251,290;-1,920,825;LTM.SN;Tourism;Brazil;LATAM Brasil
Income Tax Expense;-550,188;-254,404;-141,017;-357,443;202,676;LTM.SN;Tourism;Brazil;LATAM Brasil
Income from Continuing Operations;-4,555,535;-964,302;-573,885;-893,847;-2,123,501;LTM.SN;Tourism;Brazil;LATAM Brasil
Net Income;-4,545,887;-962,477;-573,123;-890,044;-2,120,243;LTM.SN;Tourism;Brazil;LATAM Brasil
Net Income available to common shareholders;-4,545,887;-962,477;-573,123;-890,044;-2,120,243;LTM.SN;Tourism;Brazil;LATAM Brasil
Total Revenue;39,087,000;10,008,000;9,110,000;7,956,000;12,013,000;ENB.TO;Energy;Canada;Enbridge
Cost of Revenue;24,381,000;5,963,000;5,461,000;4,057,000;8,900,000;ENB.TO;Energy;Canada;Enbridge
Gross Profit;14,706,000;4,045,000;3,649,000;3,899,000;3,113,000;ENB.TO;Energy;Canada;Enbridge
Operating Expenses;;;;;;ENB.TO;Energy;Canada;Enbridge
Selling General and Administrative;6,749,000;1,794,000;1,554,000;1,801,000;1,600,000;ENB.TO;Energy;Canada;Enbridge
Total Operating Expenses;6,749,000;1,794,000;1,554,000;1,801,000;1,600,000;ENB.TO;Energy;Canada;Enbridge
Operating Income or Loss;7,957,000;2,251,000;2,095,000;2,098,000;1,513,000;ENB.TO;Energy;Canada;Enbridge
Interest Expense;2,844,000;739,000;718,000;681,000;706,000;ENB.TO;Energy;Canada;Enbridge
Total Other Income/Expenses Net;-977,000;834,000;-42,000;951,000;-2,720,000;ENB.TO;Energy;Canada;Enbridge
Income Before Tax;4,190,000;2,400,000;1,335,000;2,368,000;-1,913,000;ENB.TO;Energy;Canada;Enbridge
Income Tax Expense;774,000;501,000;231,000;591,000;-549,000;ENB.TO;Energy;Canada;Enbridge
Income from Continuing Operations;3,416,000;1,899,000;1,104,000;1,777,000;-1,364,000;ENB.TO;Energy;Canada;Enbridge
Net Income;3,363,000;1,871,000;1,084,000;1,741,000;-1,333,000;ENB.TO;Energy;Canada;Enbridge
Net Income available to common shareholders;2,983,000;1,775,000;990,000;1,647,000;-1,429,000;ENB.TO;Energy;Canada;Enbridge
Total Revenue;119,704,000;32,348,000;27,217,000;21,562,000;38,577,000;TOT;Energy;France;Total S.A.
Cost of Revenue;100,093,000;24,394,000;20,378,000;23,618,000;31,703,000;TOT;Energy;France;Total S.A.
Gross Profit;19,611,000;7,954,000;6,839,000;-2,056,000;6,874,000;TOT;Energy;France;Total S.A.
Operating Expenses;;;;;;TOT;Energy;France;Total S.A.
Total Operating Expenses;26,876,000;7,608,000;5,749,000;6,435,000;7,084,000;TOT;Energy;France;Total S.A.
Operating Income or Loss;-7,265,000;346,000;1,090,000;-8,491,000;-210,000;TOT;Energy;France;Total S.A.
Interest Expense;2,037,000;375,000;458,000;480,000;724,000;TOT;Energy;France;Total S.A.
Total Other Income/Expenses Net;1,686,000;717,000;270,000;-193,000;892,000;TOT;Energy;France;Total S.A.
Income Before Tax;-7,018,000;1,052,000;871,000;-8,906,000;-35,000;TOT;Energy;France;Total S.A.
Income Tax Expense;318,000;149,000;690,000;-484,000;-37,000;TOT;Energy;France;Total S.A.
Income from Continuing Operations;-7,336,000;903,000;181,000;-8,422,000;2,000;TOT;Energy;France;Total S.A.
Net Income;-7,242,000;891,000;202,000;-8,369,000;34,000;TOT;Energy;France;Total S.A.
Net Income available to common shareholders;-7,242,000;891,000;202,000;-8,369,000;34,000;TOT;Energy;France;Total S.A.
Total Revenue;50,967,000;20,141,000;10,848,000;7,086,000;12,890,000;UN01.DE;Energy;Germany;Uniper
Cost of Revenue;48,700,000;19,300,000;10,514,000;6,589,000;12,296,000;UN01.DE;Energy;Germany;Uniper
Gross Profit;2,267,000;841,000;334,000;497,000;594,000;UN01.DE;Energy;Germany;Uniper
Operating Expenses;;;;;;UN01.DE;Energy;Germany;Uniper
Total Operating Expenses;2,485,000;1,538,000;705,000;197,000;45,000;UN01.DE;Energy;Germany;Uniper
Operating Income or Loss;-218,000;-697,000;-371,000;300,000;549,000;UN01.DE;Energy;Germany;Uniper
Interest Expense;349,000;246,000;24,000;41,000;37,000;UN01.DE;Energy;Germany;Uniper
Income Before Tax;540,000;-11,000;-292,000;358,000;485,000;UN01.DE;Energy;Germany;Uniper
Income Tax Expense;139,000;33,000;-62,000;166,000;2,000;UN01.DE;Energy;Germany;Uniper
Income from Continuing Operations;402,000;-44,000;-231,000;193,000;484,000;UN01.DE;Energy;Germany;Uniper
Net Income;397,000;10,000;-254,000;152,000;489,000;UN01.DE;Energy;Germany;Uniper
Net Income available to common shareholders;397,000;10,000;-254,000;152,000;489,000;UN01.DE;Energy;Germany;Uniper
Total Revenue;43,987,000;10,977,000;10,520,000;8,404,000;14,086,000;ENI.MI;Energy;Italy;ENI
Cost of Revenue;40,855,000;10,504,000;9,308,000;7,494,000;13,549,000;ENI.MI;Energy;Italy;ENI
Gross Profit;3,132,000;473,000;1,212,000;910,000;537,000;ENI.MI;Energy;Italy;ENI
Operating Expenses;;;;;;ENI.MI;Energy;Italy;ENI
Selling General and Administrative;2,863,000;644,000;677,000;704,000;838,000;ENI.MI;Energy;Italy;ENI
Total Operating Expenses;1,913,000;-1,031,000;1,029,000;814,000;1,101,000;ENI.MI;Energy;Italy;ENI
Operating Income or Loss;1,219,000;1,504,000;183,000;96,000;-564,000;ENI.MI;Energy;Italy;ENI
Interest Expense;4,958,000;857,000;1,505,000;986,000;1,617,000;ENI.MI;Energy;Italy;ENI
Total Other Income/Expenses Net;-5,801,000;-1,316,000;277,000;-3,205,000;-1,557,000;ENI.MI;Energy;Italy;ENI
Income Before Tax;-5,978,000;-301,000;3,000;-3,287,000;-2,393,000;ENI.MI;Energy;Italy;ENI
Income Tax Expense;2,650,000;494,000;504,000;1,118,000;534,000;ENI.MI;Energy;Italy;ENI
Income from Continuing Operations;-8,628,000;-795,000;-501,000;-4,405,000;-2,927,000;ENI.MI;Energy;Italy;ENI
Net Income;-8,635,000;-797,000;-503,000;-4,406,000;-2,929,000;ENI.MI;Energy;Italy;ENI
Net Income available to common shareholders;-8,635,000;-797,000;-503,000;-4,406,000;-2,929,000;ENI.MI;Energy;Italy;ENI
Total Revenue;7,771,735,000;2,004,837,000;1,816,127,000;1,546,194,000;2,404,577,000;5020.T;Energy;Japan;ENEOS Holdings
Cost of Revenue;7,006,953,000;1,707,823,000;1,538,883,000;1,355,190,000;2,405,057,000;5020.T;Energy;Japan;ENEOS Holdings
Gross Profit;764,782,000;297,014,000;277,244,000;191,004,000;-480,000;5020.T;Energy;Japan;ENEOS Holdings
Operating Expenses;;;;;;5020.T;Energy;Japan;ENEOS Holdings
Selling General and Administrative;799,137,000;200,836,000;192,877,000;186,882,000;218,542,000;5020.T;Energy;Japan;ENEOS Holdings
Total Operating Expenses;978,841,000;265,485,000;219,835,000;183,802,000;309,719,000;5020.T;Energy;Japan;ENEOS Holdings
Operating Income or Loss;-214,059,000;31,529,000;57,409,000;7,202,000;-310,199,000;5020.T;Energy;Japan;ENEOS Holdings
Interest Expense;29,842,000;6,267,000;6,075,000;8,381,000;9,119,000;5020.T;Energy;Japan;ENEOS Holdings
Income Before Tax;-222,002,000;39,383,000;62,484,000;14,629,000;-338,498,000;5020.T;Energy;Japan;ENEOS Holdings
Income Tax Expense;37,964,000;32,434,000;14,710,000;11,164,000;-20,344,000;5020.T;Energy;Japan;ENEOS Holdings
Income from Continuing Operations;-259,966,000;6,949,000;47,774,000;3,465,000;-318,154,000;5020.T;Energy;Japan;ENEOS Holdings
Net Income;-245,487,000;30,579,000;41,314,000;-4,881,000;-312,499,000;5020.T;Energy;Japan;ENEOS Holdings
Net Income available to common shareholders;-245,487,000;30,579,000;41,314,000;-4,881,000;-312,499,000;5020.T;Energy;Japan;ENEOS Holdings
Total Revenue;180,366,000;44,789,000;44,251,000;31,676,000;59,650,000;BP;Energy;United Kingdom;BP
Cost of Revenue;170,182,000;42,568,000;40,325,000;28,050,000;59,239,000;BP;Energy;United Kingdom;BP
Gross Profit;10,184,000;2,221,000;3,926,000;3,626,000;411,000;BP;Energy;United Kingdom;BP
Operating Expenses;;;;;;BP;Energy;United Kingdom;BP
Selling General and Administrative;10,397,000;2,769,000;2,435,000;2,509,000;2,684,000;BP;Energy;United Kingdom;BP
Total Operating Expenses;10,757,000;-6,937,000;2,625,000;12,183,000;2,886,000;BP;Energy;United Kingdom;BP
Operating Income or Loss;-573,000;9,158,000;1,301,000;-8,557,000;-2,475,000;BP;Energy;United Kingdom;BP
Interest Expense;3,115,000;726,000;808,000;783,000;783,000;BP;Energy;United Kingdom;BP
Income Before Tax;-24,888,000;1,090,000;150,000;-21,604,000;-4,524,000;BP;Energy;United Kingdom;BP
Income Tax Expense;-4,159,000;-395,000;457,000;-4,082,000;-139,000;BP;Energy;United Kingdom;BP
Income from Continuing Operations;-20,729,000;1,485,000;-307,000;-17,522,000;-4,385,000;BP;Energy;United Kingdom;BP
Net Income;-20,305,000;1,358,000;-450,000;-16,848,000;-4,365,000;BP;Energy;United Kingdom;BP
Net Income available to common shareholders;-20,306,000;1,358,000;-450,000;-16,849,000;-4,365,000;BP;Energy;United Kingdom;BP
Total Revenue;178,574,000;45,738,000;45,425,000;32,277,000;55,134,000;XOM;Energy;United States;ExxonMobil
Cost of Revenue;170,447,000;62,332,000;36,036,000;25,880,000;46,199,000;XOM;Energy;United States;ExxonMobil
Gross Profit;8,127,000;-16,594,000;9,389,000;6,397,000;8,935,000;XOM;Energy;United States;ExxonMobil
Operating Expenses;;;;;;XOM;Energy;United States;ExxonMobil
Selling General and Administrative;10,168,000;2,736,000;2,444,000;2,409,000;2,579,000;XOM;Energy;United States;ExxonMobil
Total Operating Expenses;37,575,000;10,115,000;9,984,000;7,777,000;9,699,000;XOM;Energy;United States;ExxonMobil
Operating Income or Loss;-29,448,000;-26,709,000;-595,000;-1,380,000;-764,000;XOM;Energy;United States;ExxonMobil
Interest Expense;1,158,000;313,000;279,000;317,000;249,000;XOM;Energy;United States;ExxonMobil
Total Other Income/Expenses Net;1,723,000;409,000;502,000;57,000;755,000;XOM;Energy;United States;ExxonMobil
Income Before Tax;-28,883,000;-26,613,000;-372,000;-1,640,000;-258,000;XOM;Energy;United States;ExxonMobil
Income Tax Expense;-5,632,000;-6,010,000;337,000;-471,000;512,000;XOM;Energy;United States;ExxonMobil
Income from Continuing Operations;-23,251,000;-20,603,000;-709,000;-1,169,000;-770,000;XOM;Energy;United States;ExxonMobil
Net Income;-22,440,000;-20,070,000;-680,000;-1,080,000;-610,000;XOM;Energy;United States;ExxonMobil
Net Income available to common shareholders;-22,440,000;-20,070,000;-680,000;-1,080,000;-610,000;XOM;Energy;United States;ExxonMobil
Total Revenue;53,683,000;13,911,000;13,148,000;9,481,000;17,143,000;PBR;Energy;Brazil;Petrobras
Cost of Revenue;29,195,000;6,384,000;6,868,000;6,064,000;9,879,000;PBR;Energy;Brazil;Petrobras
Gross Profit;24,488,000;7,527,000;6,280,000;3,417,000;7,264,000;PBR;Energy;Brazil;Petrobras
Operating Expenses;;;;;;PBR;Energy;Brazil;Petrobras
Research Development;355,000;100,000;92,000;68,000;95,000;PBR;Energy;Brazil;Petrobras
Selling General and Administrative;5,435,000;63,000;1,682,000;1,537,000;2,056,000;PBR;Energy;Brazil;Petrobras
Total Operating Expenses;7,764,000;1,041,000;2,651,000;1,915,000;2,430,000;PBR;Energy;Brazil;Petrobras
Operating Income or Loss;16,724,000;6,486,000;3,629,000;1,502,000;4,834,000;PBR;Energy;Brazil;Petrobras
Interest Expense;5,771,000;1,377,000;1,768,000;1,103,000;1,523,000;PBR;Energy;Brazil;Petrobras
Total Other Income/Expenses Net;-11,295,000;9,191,000;-2,717,000;-891,000;-16,595,000;PBR;Energy;Brazil;Petrobras
Income Before Tax;-226,000;14,342,000;-825,000;-467,000;-13,276,000;PBR;Energy;Brazil;Petrobras
Income Tax Expense;-1,174,000;2,725,000;-568,000;-31,000;-3,300,000;PBR;Energy;Brazil;Petrobras
Income from Continuing Operations;948,000;11,617,000;-257,000;-436,000;-9,976,000;PBR;Energy;Brazil;Petrobras
Net Income;1,141,000;11,509,000;-236,000;-417,000;-9,715,000;PBR;Energy;Brazil;Petrobras
Net Income available to common shareholders;1,141,000;11,509,000;-236,000;-417,000;-9,715,000;PBR;Energy;Brazil;Petrobras
Total Revenue;43,209,900;13,157,500;10,655,400;9,709,800;9,687,200;ATD-B.TO;Food;Canada;Alimentation Couche-Tard
Cost of Revenue;33,057,300;10,291,800;8,170,000;7,198,800;7,396,700;ATD-B.TO;Food;Canada;Alimentation Couche-Tard
Gross Profit;10,152,600;2,865,700;2,485,400;2,511,000;2,290,500;ATD-B.TO;Food;Canada;Alimentation Couche-Tard
Operating Expenses;;;;;;ATD-B.TO;Food;Canada;Alimentation Couche-Tard
Selling General and Administrative;5,211,500;1,617,800;1,194,400;1,171,000;1,231,900;ATD-B.TO;Food;Canada;Alimentation Couche-Tard
Total Operating Expenses;6,532,900;2,036,500;1,500,200;1,460,500;1,539,300;ATD-B.TO;Food;Canada;Alimentation Couche-Tard
Operating Income or Loss;3,619,700;829,200;985,200;1,050,500;751,200;ATD-B.TO;Food;Canada;Alimentation Couche-Tard
Interest Expense;323,900;97,300;73,000;74,400;77,300;ATD-B.TO;Food;Canada;Alimentation Couche-Tard
Total Other Income/Expenses Net;74,600;-2,900;33,700;-1,100;48,500;ATD-B.TO;Food;Canada;Alimentation Couche-Tard
Income Before Tax;3,391,300;737,200;950,600;979,800;723,700;ATD-B.TO;Food;Canada;Alimentation Couche-Tard
Income Tax Expense;671,400;129,700;193,600;202,700;145,400;ATD-B.TO;Food;Canada;Alimentation Couche-Tard
Income from Continuing Operations;2,719,900;607,500;757,000;777,100;578,300;ATD-B.TO;Food;Canada;Alimentation Couche-Tard
Net Income;2,717,900;607,500;757,000;777,100;576,300;ATD-B.TO;Food;Canada;Alimentation Couche-Tard
Net Income available to common shareholders;2,717,900;607,500;757,000;777,100;576,300;ATD-B.TO;Food;Canada;Alimentation Couche-Tard
Total Revenue;59,149,000;15,905,000;13,811,000;12,680,000;16,753,000;BAS.DE;Food;Germany;BASF
Cost of Revenue;44,040,000;11,877,000;10,388,000;9,549,000;12,226,000;BAS.DE;Food;Germany;BASF
Gross Profit;15,109,000;4,028,000;3,423,000;3,131,000;4,527,000;BAS.DE;Food;Germany;BASF
Operating Expenses;;;;;;BAS.DE;Food;Germany;BASF
Research Development;2,086,000;594,000;518,000;480,000;494,000;BAS.DE;Food;Germany;BASF
Selling General and Administrative;8,725,000;2,154,000;2,136,000;2,140,000;2,295,000;BAS.DE;Food;Germany;BASF
Total Operating Expenses;14,224,000;1,930,000;6,117,000;3,100,000;3,077,000;BAS.DE;Food;Germany;BASF
Operating Income or Loss;885,000;2,098,000;-2,694,000;31,000;1,450,000;BAS.DE;Food;Germany;BASF
Interest Expense;678,000;265,000;120,000;143,000;150,000;BAS.DE;Food;Germany;BASF
Income Before Tax;-1,562,000;947,000;-2,786,000;-923,000;1,200,000;BAS.DE;Food;Germany;BASF
Income Tax Expense;-91,000;234,000;-609,000;-35,000;319,000;BAS.DE;Food;Germany;BASF
Income from Continuing Operations;-1,471,000;713,000;-2,177,000;-888,000;881,000;BAS.DE;Food;Germany;BASF
Net Income;-1,060,000;1,055,000;-2,122,000;-878,000;885,000;BAS.DE;Food;Germany;BASF
Net Income available to common shareholders;-1,060,000;1,055,000;-2,122,000;-878,000;885,000;BAS.DE;Food;Germany;BASF
Total Revenue;870,890,000;248,300,000;213,720,000;202,056,000;206,814,000;1333.T;Food;Japan;Maruha Nichiro Corporation
Cost of Revenue;753,521,000;215,779,000;182,809,000;172,986,000;181,947,000;1333.T;Food;Japan;Maruha Nichiro Corporation
Gross Profit;117,368,000;32,521,000;30,910,000;29,070,000;24,867,000;1333.T;Food;Japan;Maruha Nichiro Corporation
Operating Expenses;;;;;;1333.T;Food;Japan;Maruha Nichiro Corporation
Total Operating Expenses;99,079,000;25,665,000;24,846,000;24,744,000;23,824,000;1333.T;Food;Japan;Maruha Nichiro Corporation
Operating Income or Loss;18,289,000;6,856,000;6,064,000;4,326,000;1,043,000;1333.T;Food;Japan;Maruha Nichiro Corporation
Interest Expense;1,550,000;356,000;384,000;378,000;432,000;1333.T;Food;Japan;Maruha Nichiro Corporation
Income Before Tax;12,149,000;4,874,000;3,776,000;3,968,000;-469,000;1333.T;Food;Japan;Maruha Nichiro Corporation
Income Tax Expense;2,320,000;350,000;1,307,000;956,000;-293,000;1333.T;Food;Japan;Maruha Nichiro Corporation
Income from Continuing Operations;9,829,000;4,524,000;2,469,000;3,012,000;-176,000;1333.T;Food;Japan;Maruha Nichiro Corporation
Net Income;7,135,000;3,875,000;1,068,000;2,586,000;-394,000;1333.T;Food;Japan;Maruha Nichiro Corporation
Net Income available to common shareholders;7,135,000;3,875,000;1,068,000;2,586,000;-394,000;1333.T;Food;Japan;Maruha Nichiro Corporation
Total Revenue;559,151,000;152,079,000;134,708,000;137,742,000;134,622,000;WMT;Food;United States;Walmart
Cost of Revenue;420,315,000;115,261,000;100,339,000;102,689,000;102,026,000;WMT;Food;United States;Walmart
Gross Profit;138,836,000;36,818,000;34,369,000;35,053,000;32,596,000;WMT;Food;United States;Walmart
Operating Expenses;;;;;;WMT;Food;United States;Walmart
Selling General and Administrative;116,288,000;31,331,000;28,591,000;28,994,000;27,372,000;WMT;Food;United States;Walmart
Total Operating Expenses;116,288,000;31,331,000;28,591,000;28,994,000;27,372,000;WMT;Food;United States;Walmart
Operating Income or Loss;22,548,000;5,487,000;5,778,000;6,059,000;5,224,000;WMT;Food;United States;Walmart
Interest Expense;2,315,000;524,000;541,000;658,000;592,000;WMT;Food;United States;Walmart
Total Other Income/Expenses Net;210,000;-5,586,000;1,853,000;3,222,000;721,000;WMT;Food;United States;Walmart
Income Before Tax;20,564,000;-593,000;7,115,000;8,646,000;5,396,000;WMT;Food;United States;Walmart
Income Tax Expense;6,858,000;1,415,000;1,914,000;2,207,000;1,322,000;WMT;Food;United States;Walmart
Income from Continuing Operations;13,706,000;-2,008,000;5,201,000;6,439,000;4,074,000;WMT;Food;United States;Walmart
Net Income;13,510,000;-2,091,000;5,135,000;6,476,000;3,990,000;WMT;Food;United States;Walmart
Net Income available to common shareholders;13,510,000;-2,091,000;5,135,000;6,476,000;3,990,000;WMT;Food;United States;Walmart
Total Revenue;270,204,212;76,059,404;70,081,098;67,582,330;56,481,380;JBSS3.SA;Food;Brazil;JBS S.A.
Cost of Revenue;224,985,889;64,441,736;58,282,752;53,052,106;49,209,295;JBSS3.SA;Food;Brazil;JBS S.A.
Gross Profit;45,218,323;11,617,668;11,798,346;14,530,224;7,272,085;JBSS3.SA;Food;Brazil;JBS S.A.
Operating Expenses;;;;;;JBSS3.SA;Food;Brazil;JBS S.A.
Selling General and Administrative;18,003,895;5,173,831;5,129,538;4,240,738;3,459,788;JBSS3.SA;Food;Brazil;JBS S.A.
Total Operating Expenses;24,768,707;6,940,527;6,753,756;6,090,423;5,026,370;JBSS3.SA;Food;Brazil;JBS S.A.
Operating Income or Loss;20,449,616;4,677,141;5,044,590;8,439,801;2,245,715;JBSS3.SA;Food;Brazil;JBS S.A.
Interest Expense;4,770,269;1,100,409;1,212,800;1,242,867;1,214,193;JBSS3.SA;Food;Brazil;JBS S.A.
Income Before Tax;8,264,192;5,858,285;3,976,892;5,215,209;-6,786,194;JBSS3.SA;Food;Brazil;JBS S.A.
Income Tax Expense;3,609,243;1,835,101;804,660;1,868,585;-899,103;JBSS3.SA;Food;Brazil;JBS S.A.
Income from Continuing Operations;4,654,949;4,023,184;3,172,232;3,346,624;-5,887,091;JBSS3.SA;Food;Brazil;JBS S.A.
Net Income;4,598,311;4,019,358;3,132,732;3,379,236;-5,933,015;JBSS3.SA;Food;Brazil;JBS S.A.
Net Income available to common shareholders;4,598,311;4,019,358;3,132,732;3,379,236;-5,933,015;JBSS3.SA;Food;Brazil;JBS S.A.
Total Revenue;32,647,000;10,568,000;9,129,000;4,293,000;8,657,000;MG.TO;Manufacturing;Canada;Magna International
Cost of Revenue;28,207,000;8,753,000;7,681,000;4,206,000;7,567,000;MG.TO;Manufacturing;Canada;Magna International
Gross Profit;4,440,000;1,815,000;1,448,000;87,000;1,090,000;MG.TO;Manufacturing;Canada;Magna International
Operating Expenses;;;;;;MG.TO;Manufacturing;Canada;Magna International
Selling General and Administrative;1,587,000;448,000;380,000;378,000;381,000;MG.TO;Manufacturing;Canada;Magna International
Total Operating Expenses;2,953,000;810,000;714,000;712,000;717,000;MG.TO;Manufacturing;Canada;Magna International
Operating Income or Loss;1,487,000;1,005,000;734,000;-625,000;373,000;MG.TO;Manufacturing;Canada;Magna International
Interest Expense;105,000;41,000;26,000;21,000;17,000;MG.TO;Manufacturing;Canada;Magna International
Total Other Income/Expenses Net;-395,000;-10,000;-272,000;-143,000;30,000;MG.TO;Manufacturing;Canada;Magna International
Income Before Tax;1,006,000;973,000;436,000;-789,000;386,000;MG.TO;Manufacturing;Canada;Magna International
Income Tax Expense;329,000;223,000;109,000;-137,000;134,000;MG.TO;Manufacturing;Canada;Magna International
Income from Continuing Operations;677,000;750,000;327,000;-652,000;252,000;MG.TO;Manufacturing;Canada;Magna International
Net Income;757,000;738,000;405,000;-647,000;261,000;MG.TO;Manufacturing;Canada;Magna International
Net Income available to common shareholders;757,000;738,000;405,000;-647,000;261,000;MG.TO;Manufacturing;Canada;Magna International
Total Revenue;57,535,000;14,071,000;15,312,000;13,491,000;8,019,000;SIE.DE;Manufacturing;Germany;Siemens
Cost of Revenue;37,016,000;8,751,000;10,096,000;8,649,000;3,656,000;SIE.DE;Manufacturing;Germany;Siemens
Gross Profit;20,519,000;5,319,000;5,215,000;4,843,000;4,363,000;SIE.DE;Manufacturing;Germany;Siemens
Operating Expenses;;;;;;SIE.DE;Manufacturing;Germany;Siemens
Research Development;4,541,000;1,064,000;1,207,000;1,096,000;958,000;SIE.DE;Manufacturing;Germany;Siemens
Selling General and Administrative;10,392,000;2,458,000;2,699,000;2,541,000;1,986,000;SIE.DE;Manufacturing;Germany;Siemens
Total Operating Expenses;15,397,000;3,580,000;3,821,000;3,658,000;2,965,000;SIE.DE;Manufacturing;Germany;Siemens
Operating Income or Loss;5,122,000;1,739,000;1,394,000;1,185,000;1,398,000;SIE.DE;Manufacturing;Germany;Siemens
Interest Expense;840,000;166,000;142,000;219,000;196,000;SIE.DE;Manufacturing;Germany;Siemens
Income Before Tax;6,180,000;1,964,000;1,453,000;1,408,000;1,485,000;SIE.DE;Manufacturing;Germany;Siemens
Income Tax Expense;1,602,000;488,000;381,000;422,000;341,000;SIE.DE;Manufacturing;Germany;Siemens
Income from Continuing Operations;4,577,000;1,475,000;1,072,000;986,000;1,144,000;SIE.DE;Manufacturing;Germany;Siemens
Net Income;4,326,000;1,377,000;1,758,000;539,000;653,000;SIE.DE;Manufacturing;Germany;Siemens
Net Income available to common shareholders;4,326,000;1,377,000;1,758,000;539,000;653,000;SIE.DE;Manufacturing;Germany;Siemens
Total Revenue;13,410,000;4,385,000;3,147,000;3,287,000;2,591,000;LDO.MI;Manufacturing;Italy;Leonardo S.p.A.
Cost of Revenue;11,984,000;3,849,000;2,798,000;1,190,000;2,420,000;LDO.MI;Manufacturing;Italy;Leonardo S.p.A.
Gross Profit;1,426,000;536,000;349,000;2,097,000;171,000;LDO.MI;Manufacturing;Italy;Leonardo S.p.A.
Operating Expenses;;;;;;LDO.MI;Manufacturing;Italy;Leonardo S.p.A.
Total Operating Expenses;620,000;244,000;137,000;1,868,000;125,000;LDO.MI;Manufacturing;Italy;Leonardo S.p.A.
Operating Income or Loss;806,000;292,000;212,000;229,000;46,000;LDO.MI;Manufacturing;Italy;Leonardo S.p.A.
Interest Expense;170,000;42,000;-;45,000;38,000;LDO.MI;Manufacturing;Italy;Leonardo S.p.A.
Income Before Tax;253,000;65,000;100,000;139,000;-51,000;LDO.MI;Manufacturing;Italy;Leonardo S.p.A.
Income Tax Expense;12,000;-41,000;24,000;21,000;8,000;LDO.MI;Manufacturing;Italy;Leonardo S.p.A.
Income from Continuing Operations;239,000;104,000;76,000;118,000;-59,000;LDO.MI;Manufacturing;Italy;Leonardo S.p.A.
Net Income;241,000;105,000;77,000;118,000;-59,000;LDO.MI;Manufacturing;Italy;Leonardo S.p.A.
Net Income available to common shareholders;241,000;105,000;77,000;118,000;-59,000;LDO.MI;Manufacturing;Italy;Leonardo S.p.A.
Total Revenue;8,527,681,000;2,696,536,000;2,113,486,000;1,968,919,000;1,748,740,000;SONY;Manufacturing;Japan;Sony
Cost of Revenue;6,154,973,000;1,931,676,000;1,474,373,000;1,450,332,000;1,298,592,000;SONY;Manufacturing;Japan;Sony
Gross Profit;2,372,708,000;764,860,000;639,113,000;518,587,000;450,148,000;SONY;Manufacturing;Japan;Sony
Operating Expenses;;;;;;SONY;Manufacturing;Japan;Sony
Selling General and Administrative;1,437,818,000;409,835,000;329,307,000;301,166,000;397,510,000;SONY;Manufacturing;Japan;Sony
Total Operating Expenses;1,445,344,000;410,130,000;323,769,000;301,166,000;397,510,000;SONY;Manufacturing;Japan;Sony
Operating Income or Loss;927,364,000;354,730,000;315,344,000;217,421,000;52,638,000;SONY;Manufacturing;Japan;Sony
Interest Expense;9,562,000;2,756,000;2,704,000;1,805,000;2,297,000;SONY;Manufacturing;Japan;Sony
Total Other Income/Expenses Net;163,380,000;123,644,000;-15,556,000;101,467,000;-58,944,000;SONY;Manufacturing;Japan;Sony
Income Before Tax;1,092,911,000;477,371,000;299,604,000;319,919,000;-3,983,000;SONY;Manufacturing;Japan;Sony
Income Tax Expense;-7,085,000;103,661,000;-163,898,000;72,878,000;-19,726,000;SONY;Manufacturing;Japan;Sony
Income from Continuing Operations;1,099,996,000;373,710,000;463,502,000;247,041,000;15,743,000;SONY;Manufacturing;Japan;Sony
Net Income;1,077,420,000;371,891,000;459,634,000;233,251,000;12,644,000;SONY;Manufacturing;Japan;Sony
Net Income available to common shareholders;1,077,420,000;371,891,000;459,634,000;233,251,000;12,644,000;SONY;Manufacturing;Japan;Sony
Total Revenue;36,740,000;9,112,000;9,450,000;8,925,000;9,253,000;DE;Manufacturing;United States;John Deere
Cost of Revenue;25,775,000;6,076,000;6,937,000;6,125,000;6,636,000;DE;Manufacturing;United States;John Deere
Gross Profit;10,965,000;3,036,000;2,513,000;2,800,000;2,617,000;DE;Manufacturing;United States;John Deere
Operating Expenses;;;;;;DE;Manufacturing;United States;John Deere
Research Development;1,585,000;366,000;443,000;370,000;406,000;DE;Manufacturing;United States;John Deere
Selling General and Administrative;3,637,000;769,000;1,210,000;752,000;906,000;DE;Manufacturing;United States;John Deere
Total Operating Expenses;6,149,000;1,508,000;1,423,000;1,530,000;1,689,000;DE;Manufacturing;United States;John Deere
Operating Income or Loss;4,816,000;1,528,000;1,090,000;1,270,000;928,000;DE;Manufacturing;United States;John Deere
Income Before Tax;4,842,000;1,528,000;1,116,000;1,270,000;928,000;DE;Manufacturing;United States;John Deere
Income Tax Expense;1,340,000;308,000;330,000;457,000;245,000;DE;Manufacturing;United States;John Deere
Income from Continuing Operations;3,459,000;1,224,000;758,000;811,000;666,000;DE;Manufacturing;United States;John Deere
Net Income;3,458,000;1,224,000;758,000;811,000;666,000;DE;Manufacturing;United States;John Deere
Net Income available to common shareholders;3,458,000;1,224,000;758,000;811,000;666,000;DE;Manufacturing;United States;John Deere
Total Revenue;23,342,870;6,720,000;5,985,000;5,153,333;5,484,490;FLEX;Manufacturing;Singapore;FLEX
Cost of Revenue;21,799,914;6,241,000;5,590,000;4,849,780;5,118,863;FLEX;Manufacturing;Singapore;FLEX
Gross Profit;1,542,956;479,000;395,000;303,553;365,627;FLEX;Manufacturing;Singapore;FLEX
Operating Expenses;;;;;;FLEX;Manufacturing;Singapore;FLEX
Selling General and Administrative;807,105;222,000;193,000;190,721;201,267;FLEX;Manufacturing;Singapore;FLEX
Total Operating Expenses;869,211;238,000;209,000;205,897;216,470;FLEX;Manufacturing;Singapore;FLEX
Operating Income or Loss;673,745;241,000;186,000;97,656;149,157;FLEX;Manufacturing;Singapore;FLEX
Interest Expense;50,978;7,000;38,000;33,374;31,958;FLEX;Manufacturing;Singapore;FLEX
Total Other Income/Expenses Net;-142,664;-1,000;-9,000;298;-76,651;FLEX;Manufacturing;Singapore;FLEX
Income Before Tax;499,485;233,000;153,000;67,383;44,680;FLEX;Manufacturing;Singapore;FLEX
Income Tax Expense;77,906;25,000;40,000;15,563;-3,579;FLEX;Manufacturing;Singapore;FLEX
Income from Continuing Operations;421,579;208,000;113,000;51,820;48,259;FLEX;Manufacturing;Singapore;FLEX
Net Income;421,579;208,000;113,000;51,820;48,259;FLEX;Manufacturing;Singapore;FLEX
Net Income available to common shareholders;421,579;208,000;113,000;51,820;48,259;FLEX;Manufacturing;Singapore;FLEX
Total Revenue;40,018,000;14,769,000;10,762,000;7,518,000;6,969,000;VALE;Manufacturing;Brazil;Vale
Cost of Revenue;19,039,000;5,733,000;4,816,000;4,212,000;4,278,000;VALE;Manufacturing;Brazil;Vale
Gross Profit;20,979,000;9,036,000;5,946,000;3,306,000;2,691,000;VALE;Manufacturing;Brazil;Vale
Operating Expenses;;;;;;VALE;Manufacturing;Brazil;Vale
Research Development;443,000;153,000;105,000;90,000;95,000;VALE;Manufacturing;Brazil;Vale
Selling General and Administrative;620,000;215,000;152,000;123,000;130,000;VALE;Manufacturing;Brazil;Vale
Total Operating Expenses;2,611,000;849,000;533,000;689,000;541,000;VALE;Manufacturing;Brazil;Vale
Operating Income or Loss;18,368,000;8,187,000;5,413,000;2,617,000;2,150,000;VALE;Manufacturing;Brazil;Vale
Interest Expense;2,439,000;950,000;774,000;441,000;274,000;VALE;Manufacturing;Brazil;Vale
Total Other Income/Expenses Net;-10,192,000;-6,391,000;-632,000;-1,019,000;-2,150,000;VALE;Manufacturing;Brazil;Vale
Income Before Tax;4,969,000;792,000;3,601,000;1,064,000;-489,000;VALE;Manufacturing;Brazil;Vale
Income Tax Expense;438,000;148,000;794,000;145,000;-649,000;VALE;Manufacturing;Brazil;Vale
Income from Continuing Operations;4,531,000;644,000;2,807,000;919,000;160,000;VALE;Manufacturing;Brazil;Vale
Net Income;4,881,000;739,000;2,908,000;995,000;239,000;VALE;Manufacturing;Brazil;Vale
Net Income available to common shareholders;4,881,000;739,000;2,908,000;995,000;239,000;VALE;Manufacturing;Brazil;Vale
